{
    "진단명": {
        "맥시트롤": [
            "맥시트롤",
            "Maxitrol",
            "안연고(MAX)",
            "안약-maxi",
            "항생제 maxi",
            "안연고-maxi",
            "안약-Mxtr",
            "맥스트롤"
        ],
        "목시플록사신": [
            "항생제 moxi",
            "moxifloxacin"
        ],
        "덱사메타손": [
            "Dexamethasone"
        ],
        "세파졸린": [
            "cefazolin"
        ],
        "토라미신": [
            "토라미신",
            "Toramycin"
        ],
        "안티놀": [
            "안티놀",
            "antinol"
        ],
        "솔코린": [
            "솔코린",
            "solco",
            "각막재생-so(gel)"
        ],
        "트루솝": [
            "트루솝"
        ],
        "농양수술": [
            "농양수술",
            "농양 수술",
            "배농"
        ],
        "치주농양": [
            "치주농양"
        ],
        "치주염치료": [
            "치주염치료"
        ],
        "누관개통검사": [
            "누관개통검사"
        ],
        "누관개통치료": [
            "누관세척"
        ],
        "포러스": [
            "포러스",
            "FORUS"
        ],
        "옵타란점안액": [
            "옵타란"
        ],
        "옵티실드(각결막염)": [
            "옵티쉴드"
        ],
        "브로낙점안액(결막염)": [
            "Bronuck",
            "브로낙"
        ],
        "프레드포르테점안액": [
            "프레드포르테",
            "프레드 포르테",
            "안약-프레드",
            "안약(포)"
        ],
        "오큐프록스안연고": [
            "오큐프록스"
        ],
        "오큐펜리퀴필름점안액": [
            "오큐펜"
        ],
        "플루비프로펜": [
            "플루비프로펜",
            "플루비프로팬",
            "flubiprofen"
        ],
        "오큐플리딘점안액(각막염)": [
            "오큐플리딘"
        ],
        "토브라마이신": [
            "토브라마이신",
            "TOBRA",
            "토브라",
            "안약-항생제-T"
        ],
        "오플록사신": [
            "오플록사신",
            "점안-ofloxacin",
            "안약-ofloxa",
            "오프록",
            "(ofloxa",
            "안약-OF",
            "안약-OC drop"
        ],
        "안약": [
            "안약",
            "점안액",
            "안연고"
        ],
        "알레르기안약": [
            "anti 안약",
            "anti안약"
        ],
        "V11안약(로토제약)": [
            "안약 V11"
        ],
        "자가혈청점안액": [
            "자가혈청",
            "autoserum",
            "혈청안약"
        ],
        "시프로플록사신": [
            "Ciprofloxacin"
        ],
        "안구건조": [
            "안구건조"
        ],
        "씨펙스점안액": [
            "안약-씨펙스",
            "안약(씨펙스)"
        ],
        "인공누액": [
            "인공눈물",
            "인공누액"
        ],
        "라큐아(인공누액)": [
            "라큐아"
        ],
        "누마렌(인공누액)": [
            "누마렌"
        ],
        "하일렌(인공누액)": [
            "하일렌"
        ],
        "하메론(인공누액)": [
            "하메론"
        ],
        "리포직(인공누액)": [
            "리포직",
            "liposic"
        ],
        "히아레인(인공누액)": [
            "히아레인"
        ],
        "아티어(인공누액)": [
            "아티어"
        ],
        "히알산(인공누액)": [
            "히알산"
        ],
        "클로람페니콜": [
            "클로람"
        ],
        "사이클로스포린": [
            "cyclosporin"
        ],
        "프로맥스(유산균영양제)": [
            "프로맥스"
        ],
        "안소독약": [
            "안소독약"
        ],
        "신경계검사": [
            "신경계검사"
        ],
        "신경반응검사": [
            "신경반응"
        ],
        "신경치료": [
            "신경치료"
        ],
        "각막궤양": [
            "각막궤양"
        ],
        "안검종괴제거술": [
            "안검종괴 절제술"
        ],
        "안충제거술": [
            "안충 제거",
            "안충제거"
        ],
        "잘라탄": [
            "잘라탄"
        ],
        "코솝": [
            "코솝",
            "Cosopt"
        ],
        "큐아렌": [
            "큐아렌"
        ],
        "가리유니": [
            "가리유니"
        ],
        "옵타낙": [
            "타낙"
        ],
        "스케일링": [
            "치석",
            "스케일링",
            "SCALING",
            "스켈링"
        ],
        "맥시가드": [
            "Maxiguard",
            "오라젠"
        ],
        "오리젠": [
            "오리젠"
        ],
        "스토모액트": [
            "stomoact"
        ],
        "구강정밀검사": [
            "구강정밀검사",
            "구강검사",
            "dental exam"
        ],
        "구강소독제": [
            "구강소독"
        ],
        "폴리싱": [
            "폴리싱",
            "Polishing"
        ],
        "터비졸": [
            "터비졸"
        ],
        "터비덤스프레이": [
            "터비덤",
            "terbiderm"
        ],
        "헥시딘스프레이": [
            "엑시딘스프레이",
            "헥사메딘"
        ],
        "클로르헥시딘": [
            "클로르헥시딘",
            "Chlorhexidine",
            "헥시딘",
            "hexidine"
        ],
        "오라틴안티셉틱오랄젤": [
            "오라틴 안티",
            "오라틴치은염",
            "외용제-오라틴"
        ],
        "치은절제술": [
            "gingivectomy",
            "잇몸절제술",
            "치은절제술",
            "치은봉합",
            "치은절개봉합"
        ],
        "단순봉합": [
            "단순봉합",
            "봉합(피하",
            "재봉합",
            "기본봉합",
            "봉합(simple)",
            "봉합2",
            "봉합3"
        ],
        "발치": [
            "발치",
            "EXTRACTION"
        ],
        "기관지염": [
            "기관지염"
        ],
        "기관지확장제": [
            "기관지확장제"
        ],
        "견치": [
            "견치"
        ],
        "불소도포": [
            "불소도포",
            "불소코팅"
        ],
        "폐렴": [
            "기관지폐렴"
        ],
        "네뷸라이저": [
            "Nebu",
            "네불",
            "네뷸",
            "내뷸",
            "네블",
            "분무치료",
            "분무흡입치료",
            "흡입분무치료",
            "호흡기-분무치료",
            "호흡기치료-분무",
            "호흡기분무치료",
            "호흡기약물흡인치료"
        ],
        "PRP시술": [
            "prp처치"
        ],
        "이트라코나졸": [
            "이트라코나졸",
            "Itraco",
            "추가 itra",
            "추가-itra",
            "itra 추가",
            "곰팡이-itra",
            "곰팡이약 itra",
            "itra-",
            "-itra",
            "(itra)",
            "itra solution",
            "향진균제 itra",
            "향진균제itra"
        ],
        "항진균": [
            "항진균"
        ],
        "에스로반연고": [
            "무피로신",
            "mupi",
            "에스로반"
        ],
        "아포퀠": [
            "apoquel",
            "아포퀠",
            "내복약-아포",
            "내복약]아포",
            "아포끝",
            "아포끄"
        ],
        "피부종괴수술": [
            "피부종괴",
            "피부다발성 종괴제거"
        ],
        "귀진드기처치": [
            "귀진드기치료"
        ],
        "귀세정": [
            "Ear Flushing",
            "귀세척",
            "귀세정",
            "earflushing",
            "Earflushing",
            "외이도관리 세정",
            "귀플러싱",
            "(flushing",
            "귀-세정"
        ],
        "귀처치": [
            "귀 외용처치",
            "귀처치",
            "처치-귀",
            "귀",
            "귀청소/약물치료",
            "귀드레싱",
            "귀 드레싱",
            "처치 귀"
        ],
        "귀약처방": [
            "귀연고",
            "귀약",
            "귀-물약",
            "귀 물약",
            "귀물약",
            "귀 외용제"
        ],
        "귀진드기처방": [
            "귀진드기용 연고",
            "귀진드기 외용제"
        ],
        "오리더밀(귀연고)": [
            "오리덤",
            "오리더밀",
            "oriderm"
        ],
        "이르베사르탄": [
            "irbesartan",
            "이르베사탄"
        ],
        "사이토포인트": [
            "사이토포인트",
            "CYTOPOINT"
        ],
        "수로란": [
            "수로란",
            "surolan"
        ],
        "오리존": [
            "오리존",
            "Aurizon"
        ],
        "이소틱": [
            "이소틱",
            "Easotic"
        ],
        "에피프로": [
            "에피프로",
            "EFFIPRO"
        ],
        "수크랄페이트": [
            "수크랄",
            "sucralfate"
        ],
        "오메프라졸": [
            "오메프라졸",
            "Omepra"
        ],
        "에스오메프라졸": [
            "esomepra"
        ],
        "넥시움정(에스오메프라졸)": [
            "넥시움",
            "nexium"
        ],
        "위염약": [
            "위염약"
        ],
        "비장절제술": [
            "비장절제술"
        ],
        "탈장수술": [
            "허니아"
        ],
        "마로피턴트": [
            "Maropitant"
        ],
        "세레니아": [
            "세레니아",
            "cerenia"
        ],
        "크레메진": [
            "크레메진"
        ],
        "도라멕틴": [
            "doramectin"
        ],
        "이버멕틴": [
            "이버멕틴"
        ],
        "외부기생충약": [
            "기생충"
        ],
        "외부기생충검사": [
            "외부기생충)검사",
            "외부기생충 등"
        ],
        "메트로니다졸": [
            "메트로니다졸",
            "metronidazol"
        ],
        "구토처치": [
            "구토처치",
            "구토유발",
            "구토처치",
            "구토 유발",
            "구토요법"
        ],
        "구토/설사약": [
            "소화기물약",
            "구토/설사시럽",
            "물약-설사/구토"
        ],
        "설사약": [
            "설사-물약",
            "소화 설사 물약"
        ],
        "구토억제제": [
            "구토억제제"
        ],
        "항구토제": [
            "항구토제"
        ],
        "피모벤단": [
            "pimo",
            "피모밴단",
            "피모벤단"
        ],
        "실데나필": [
            "실데나필",
            "Sildenafil",
            "실데나핀"
        ],
        "클로피도그렐(항혈전제)": [
            "클로피도그렐",
            "Clopido"
        ],
        "트릴로스탄": [
            "트릴로",
            "trilostane"
        ],
        "트라조돈": [
            "trazodone",
            "트라조돈"
        ],
        "아조딜": [
            "아조딜",
            "azodyl"
        ],
        "베토릴(쿠싱약)": [
            "베토ㄴㄴ릴"
        ],
        "갑상선약": [
            "갑상선약"
        ],
        "요도결석수술": [
            "결석제거- 요도",
            "요도 결석",
            "요도결석"
        ],
        "요도역세척치료": [
            "요도역세척"
        ],
        "방광염": [
            "방광염"
        ],
        "방광세척치료": [
            "방광세척",
            "방광 세척"
        ],
        "방광천자": [
            "방광천자"
        ],
        "방광결석수술": [
            "결석제거- 방광",
            "결석제거-방광",
            "방광결석"
        ],
        "방광절개술": [
            "방광절개술"
        ],
        "결석제거수술": [
            "결석제거"
        ],
        "적혈구생성": [
            "적혈구생성"
        ],
        "인흡착제": [
            "인흡착제"
        ],
        "시스테이드": [
            "시스테이드",
            "cystaid"
        ],
        "중성화수술": [
            "중성화"
        ],
        "암컷중성화": [
            "spay",
            "자궁적출",
            "암컷중성화",
            "중성화 암컷",
            "중성화암컷",
            "암컷 중성화",
            "여성중성화",
            "여아중성화",
            "중성화수술(여",
            "중성화수술(F",
            "중성화수술(암",
            "중성화(암",
            "중성화-여",
            "OHE(",
            "-OHE",
            "(OHE)",
            "중성화 패키지(Female",
            "제왕절개",
            "암컷 Standard",
            "중성화수술1(Fema",
            "난소자궁"
        ],
        "수컷중성화": [
            "castration",
            "수컷중성화",
            "수컷 중성화",
            "중성화-수컷",
            "(Male",
            "중성화수술(Male",
            "중성화수술(수",
            "중성화-남",
            "남아중성화",
            "남자 중성화",
            "중성화수술(남",
            "중성화수술 남",
            "수컷 Standard",
            "남자중성화",
            "중성화수술(M",
            "고환적"
        ],
        "자궁축농증수술": [
            "자궁축농증"
        ],
        "잠복고환검사": [
            "검사-잠복고환"
        ],
        "잠복고환절제술": [
            "잠복고환수술",
            "잠복고환제거",
            "잠복고환교정수술",
            "산과-잠복고환"
        ],
        "잠복고환": [
            "잠복고환"
        ],
        "컨베니아(항생제)": [
            "컨베니아",
            "convenia",
            "켄베니아"
        ],
        "레보플록사신": [
            "레보플록사신",
            "levofl"
        ],
        "유선전적출": [
            "유선적출"
        ],
        "유선부분적출": [
            "유선종양"
        ],
        "종양제거수술": [
            "종양제거",
            "tumor",
            "종괴 제거",
            "종괴절제",
            "종괴제거술",
            "수술-종양"
        ],
        "담낭절제술": [
            "담낭절제",
            "담낭-[석]",
            "수술-간담도계(담낭)"
        ],
        "피하낭종제거수술": [
            "피하낭종염증제거술"
        ],
        "항암": [
            "항암"
        ],
        "항암전처치": [
            "항암전처치",
            "항암제 전처치"
        ],
        "항암치료장치": [
            "safety device",
            "안전 투약장치",
            "PHASEAL",
            "항암치료 보호장비"
        ],
        "항암치료": [
            "Chemotherapy",
            "항암제",
            "항암치료",
            "항암처치",
            "항암주사",
            "경구항암",
            "경구 항암"
        ],
        "빈크리스틴(화학요법)": [
            "vincrstine",
            "vincristine",
            "yincrstine",
            "빈크리스틴"
        ],
        "독소루비신(화학요법)": [
            "doxorubicin"
        ],
        "시클로포스파미드(화학요법)": [
            "cyclophosphamide",
            "CTX"
        ],
        "알키록산정(화학요법)": [
            "알키록산"
        ],
        "클로람부실(화학요법)": [
            "chlorambucil",
            "류케란"
        ],
        "로무스틴(화학요법)": [
            "ccnu"
        ],
        "카보플라틴(화학요법)": [
            "Carboplatin"
        ],
        "아스파라기나제": [
            "L-asparaginase"
        ],
        "제왕절개": [
            "제왕절개"
        ],
        "이개혈종": [
            "이개혈종"
        ],
        "대퇴골두절단술": [
            "대퇴골두 절단술",
            "대퇴골두절단술",
            "대퇴 골두 절단술",
            "FHNO"
        ],
        "슬개골탈구": [
            "슬개골탈구",
            "슬개골 내측탈구",
            "슬개골 탈구"
        ],
        "제대탈장교정술": [
            "제대탈장교정술"
        ],
        "직장탈장수술": [
            "직장탈"
        ],
        "직장검사": [
            "직장검사"
        ],
        "가바펜틴": [
            "가바펜틴",
            "gabapentin",
            "진통제추가(가바)",
            "GBP"
        ],
        "멜록시캄": [
            "Meloxi",
            "멜록시",
            "metacam",
            "메타캄"
        ],
        "경추디스크수술": [
            "Ventral",
            "Fenestration"
        ],
        "안구적출": [
            "안구적출"
        ],
        "행동": [
            "행동"
        ],
        "재활": [
            "재활"
        ],
        "침술": [
            "침술",
            "침구",
            "침치료",
            "처치 침"
        ],
        "건침": [
            "건침"
        ],
        "약침": [
            "약침"
        ],
        "전침": [
            "전침"
        ],
        "뜸": [
            "뜸"
        ],
        "한약": [
            "한약",
            "한방탕제"
        ],
        "한방치료": [
            "한방치료",
            "한방처치"
        ],
        "레이저치료": [
            "레이저",
            "레이져",
            "치료/광",
            "Laser"
        ],
        "수중러닝머신": [
            "수중런닝머신",
            "수중러닝머신"
        ],
        "물리치료": [
            "물리치료"
        ],
        "백신접종": [
            "백신"
        ],
        "생백신접종": [
            "live vaccine"
        ],
        "켄넬코프접종": [
            "KENNEL",
            "COUGH",
            "켄넬코프",
            "기관지염백신",
            "켄널코푸",
            "K.C",
            "(KC)",
            "KC 추가",
            "KC 1차",
            "KC 2차"
        ],
        "고양이백혈병백신접종": [
            "백혈병백신",
            "FeLV"
        ],
        "코로나장염접종": [
            "corona",
            "코로나"
        ],
        "랍도문": [
            "Rabdomun"
        ],
        "디펜서": [
            "디펜서",
            "defensor"
        ],
        "광견병백신접종": [
            "광견병",
            "관견병",
            "RABIES",
            "Rabisin",
            "RABDOMUN",
            "Rabigen",
            "Rabbies",
            "국가접종",
            "vaccine(국가)"
        ],
        "캐니플루접종": [
            "CaniFlu",
            "캐니플루",
            "케니플루",
            "케티플루",
            "influenza",
            "Cani-flu",
            "canine flu",
            "인플루엔자",
            "인플루앤자",
            "civ) 추가",
            "civ)-추가",
            "전염성독감",
            "신종",
            "H3N2"
        ],
        "인터페론오메가": [
            "인터페론 오메가",
            "인터페본 오메가"
        ],
        "애드보킷": [
            "Advocate",
            "애드보킷",
            "애드버킷",
            "에드버킷",
            "어드보켓",
            "애드버켓"
        ],
        "레볼루션": [
            "REVOLUTION",
            "레볼루션",
            "리볼루션",
            "MAUVE",
            "사상충레볼",
            "레보루션"
        ],
        "셀라가드": [
            "Selaguard"
        ],
        "브로드라인": [
            "브로드라인",
            "BROADLINE"
        ],
        "피프로닐": [
            "fipnil",
            "fipronil"
        ],
        "목시텍틴": [
            "Moxidectin",
            "목시덱틴"
        ],
        "넥스가드스펙트라": [
            "NEXG",
            "SPECTRA",
            "넥스가드",
            "젝스가드",
            "스펙트라"
        ],
        "셀렉션": [
            "셀렉션",
            "selection"
        ],
        "프론트라인": [
            "FRONTLINE",
            "프론트",
            "Frontl"
        ],
        "브라벡토": [
            "BRAVECTO",
            "브라벡토",
            "브리벡토",
            "기생충(br"
        ],
        "어드밴틱스": [
            "애드벤틱스"
        ],
        "드론탈플러스": [
            "드론탈",
            "drontal"
        ],
        "안텔민": [
            "안텔민",
            "anthelmin"
        ],
        "프로펜더": [
            "프로펜더"
        ],
        "파나쿠어": [
            "파나쿠어",
            "panacur",
            "fenbendazole"
        ],
        "종합백신접종": [
            "종합백신",
            "종합예방접종",
            "종합접종",
            "종합 접종",
            "종합예방",
            "예방접종패키지",
            "vanguard plus",
            "뱅가드"
        ],
        "종합백신4종접종": [
            "백신-4종혼합",
            "종합백신(4종)",
            "4종 종합백신",
            "4종종합 1차",
            "종합예방접종 4차",
            "백신 4종 종합백신"
        ],
        "종합백신5종접종": [
            "혼합백신5종",
            "5종종합",
            "노비박 5종",
            "Novivac 5종",
            "종합백신5차",
            "종합5종",
            "뱅가드 플러스 5"
        ],
        "고양이종합백신접종": [
            "고양이종합",
            "고양이혼합백신"
        ],
        "고양이3종백신접종": [
            "고양이종합3종",
            "(FRCP)",
            "FVRCP",
            "PHC"
        ],
        "고양이4종백신접종": [
            "고양이-4종",
            "고양이 4종",
            "고양이4종",
            "백신 4종(F",
            "RCCP",
            "FVRCP+Ch+FeLV",
            "4종종합 고양이",
            "FRCPCHV",
            "FRCP-CH",
            "4종 종합백신_고양이",
            "펠로셀4",
            "고양이-기본백신4종"
        ],
        "고양이5종백신접종": [
            "FRCPCHV+F"
        ],
        "강아지종합백신접종": [
            "강아지 종합백신",
            "리콤비텍",
            "개 종합"
        ],
        "DHPPi접종": [
            "DHPPi",
            "강아지 4종 종합백신",
            "DHPP booster",
            "DA2PP",
            "DHPP"
        ],
        "DHPPL접종": [
            "dhppl",
            "강아지-종합5종"
        ],
        "옴니파큐(조영제)": [
            "Omnipaque"
        ],
        "조영제": [
            "조영제"
        ],
        "비뇨기조영검사": [
            "비뇨기계조영",
            "신장조영술",
            "조영검사 신장"
        ],
        "소화기조영검사": [
            "식도 조영술",
            "조영검사-위장관",
            "조영검사 위장관",
            "조영검사 - 위장관",
            "조영제투여(소화관)"
        ],
        "조영검사": [
            "조영촬영",
            "조영비"
        ],
        "엑스레이": [
            "엑스레이",
            "x-ray",
            "Xray"
        ],
        "방사선": [
            "방사선"
        ],
        "MRI검사": [
            "MRI",
            "MR101"
        ],
        "CT검사": [
            "CT검사",
            "CT 검사",
            "ct 촬영",
            "ct촬영",
            "[CT]",
            "ct/",
            "컴퓨터단층촬영",
            "computed tomography"
        ],
        "디지털영상촬영": [
            "디지털영상촬영"
        ],
        "초음파": [
            "초음파"
        ],
        "투약모니터링": [
            "투약 모니터링"
        ],
        "통합모니터링": [
            "통합모니터링",
            "모니터링"
        ],
        "치료모니터링": [
            "치료&모니터링"
        ],
        "환자모니터링": [
            "환자모니터",
            "환자 모니터링",
            "집중 모니터링",
            "patient monitor"
        ],
        "혈압모니터링": [
            "혈압모니터링"
        ],
        "마취모니터링": [
            "마취-모니터링",
            "마취모니터링",
            "마취 모니터",
            "[마취] 모니터링",
            "모니터링/시간"
        ],
        "도플러검사": [
            "-도플러",
            "_도플러",
            "(도플러",
            "도플러)",
            "심장도플러",
            "doppler",
            "도플러"
        ],
        "심장약": [
            "심장약"
        ],
        "심부전": [
            "심부전"
        ],
        "동맥관개존증(PDA)": [
            "동맥관"
        ],
        "점안마취": [
            "점안마취"
        ],
        "마취의사 입회": [
            "마취의사"
        ],
        "호흡마취": [
            "마취-호흡",
            "마취 - 호흡",
            "마취 호흡",
            "마취(호흡",
            "마취-흡입",
            "마취(흡입)",
            "마취(호흡",
            "호흡마취",
            "호흡 마취",
            "호흡)마취",
            "흡입마취",
            "흡입전신마취",
            "흡입 전신마취",
            "전신마취",
            "수면마취",
            "(수면)마취",
            "가스마취",
            "마취시 인공호흡기",
            "마취-자동호흡"
        ],
        "주사마취": [
            "마취-주사",
            "주사마취",
            "전마취",
            "마취-진정",
            "마취 진정",
            "마취-진통",
            "진정마취",
            "premedication",
            "마취-전처치",
            "마취전 처치"
        ],
        "유도마취": [
            "유도마취",
            "마취유도",
            "유도 마취",
            "마취 유도",
            "마취-유도",
            "induction"
        ],
        "국소마취": [
            "국소마취"
        ],
        "마취": [
            "마취"
        ],
        "마취전검사": [
            "마취전검사"
        ],
        "듀라문": [
            "듀라문"
        ],
        "EDTA안약": [
            "EDTA 점안액",
            "안약-EDTA"
        ],
        "Triz-EDTA세정제": [
            "귀약(EDTA",
            "tris edta",
            "triz-edta",
            "trizedta"
        ],
        "점이액": [
            "점이액",
            "점이액(ear drop)",
            "점이약(ear dop)"
        ],
        "현미경검사": [
            "현미경",
            "Diff-Quick",
            "딥퀵",
            "microscope"
        ],
        "현미경도말검사": [
            "현미경 도말 검사"
        ],
        "귀도말검사": [
            "귀도말검사",
            "귀-도말",
            "귀검사-도말검사",
            "검사-귀도말",
            "검사 귀 도말"
        ],
        "분변검사": [
            "분변",
            "변검사 염색법",
            "변검사 직접검경",
            "변검사 직접도말",
            "변검사(Direct)",
            "변검사(Stain)",
            "변검사)염색법",
            "변검사)직접검경",
            "변검사-Diff Quick Exam",
            "변검사-염색도말",
            "변검사-직접도말"
        ],
        "도말/염색검사": [
            "검사-염색",
            "검사 염색",
            "슬라이드",
            "도말",
            "염색검사"
        ],
        "피부염색검사": [
            "피부(테이프)염색"
        ],
        "우드램프피부검사": [
            "우드램프",
            "wood lamp"
        ],
        "알러지검사": [
            "알러지검사",
            "아베텍",
            "allergy 검사"
        ],
        "각막형광염색검사": [
            "Fluorescein",
            "형광",
            "fluor염색"
        ],
        "눈물량검사": [
            "눈물량",
            "STT",
            "눈물분비량"
        ],
        "안압검사": [
            "Tono",
            "안압"
        ],
        "검안경검사": [
            "검안경",
            "opthalmoscope",
            "ophthalmosco",
            "안저검사",
            "PLR"
        ],
        "검이경검사": [
            "검이경",
            "직접검경",
            "직접경이검",
            "검경"
        ],
        "슬릿검사": [
            "슬릿검사",
            "Slit Lamp"
        ],
        "안과검사": [
            "안과검사",
            "검사 안과",
            "안검사",
            "안과기본"
        ],
        "산동제점안": [
            "산동",
            "산등"
        ],
        "프로하트": [
            "프로하트",
            "proheart",
            "Pro Heart"
        ],
        "하트세이버": [
            "하트세이버"
        ],
        "채혈": [
            "채혈"
        ],
        "proBNP검사": [
            "probnp",
            "pro-BNP",
            "fBNP"
        ],
        "이물제거": [
            "이물제거"
        ],
        "수혈": [
            "수혈-전혈",
            "수혈-혈장",
            "수혈-(농축 적혈구",
            "수혈-농축적혈구"
        ],
        "드레싱": [
            "드레싱",
            "dressing"
        ],
        "테이핑": [
            "테이핑"
        ],
        "외용약": [
            "외용제",
            "외용약",
            "연고",
            "ointment"
        ],
        "데크라더마벤스약용샴푸": [
            "BPP"
        ],
        "케타딘약용샴푸": [
            "케타딘",
            "ketadine"
        ],
        "말라셉에프약용샴푸": [
            "말리셉-에프",
            "말라셉"
        ],
        "멜라세덤약용샴푸": [
            "말라세덤",
            "멜라세덤"
        ],
        "케토클로약용샴푸": [
            "케토클로"
        ],
        "프루너스": [
            "프루너스"
        ],
        "프루너스닥터미코클로딘약용샴푸": [
            "미코클로딘",
            "미코클리딘"
        ],
        "프루너스스킨크리닉약용샴푸": [
            "스킨크리닉",
            "스킨클리닉",
            "스킨크라닉"
        ],
        "프루너스약용샴푸": [
            "프루너스 약용 샴푸",
            "프루너스 약용샴푸",
            "약용샴푸-프루너스"
        ],
        "약용샴푸": [
            "약용",
            "약욕",
            "처방샴푸"
        ],
        "산소포화도검사": [
            "SPO2",
            "포화도"
        ],
        "건강검진": [
            "건강검진"
        ],
        "신체검사": [
            "신체검사"
        ],
        "포베츠": [
            "포베츠",
            "Fovets"
        ],
        "근이완제": [
            "근이완제"
        ],
        "간영양제": [
            "간보호제",
            "간영양제",
            "간기능개선제"
        ],
        "새밀린(간영양제)": [
            "Samylin",
            "새밀린"
        ],
        "사메탑(간보조/영양제)": [
            "사메탑",
            "sametop"
        ],
        "우르소데옥시콜산": [
            "urso",
            "UDCA"
        ],
        "우루사정": [
            "우루사"
        ],
        "젠토닐(간보조제)": [
            "젠토닐",
            "젠토니",
            "zentonil"
        ],
        "사이토프로(비뇨기영양제)": [
            "사이토프로",
            "cystopro"
        ],
        "헥시아": [
            "헥시아"
        ],
        "사이노퀸(관절영양제)": [
            "사이노퀸"
        ],
        "종합영양제": [
            "마이뷰"
        ],
        "히드로코르티손": [
          "hydrocortisone"
        ],
        "아이소소바이드": [
            "isosorbide"
        ],
        "아스페르길루스증": [
            "aspergillosis"
        ],
        "하트가드": [
            "하트가드",
            "heartg",
            "hgblue"
        ],
        "하트프로텍트": [
            "하트프로텍트",
            "heart protect"
        ],
        "프리벤하트(심장사상충약)": [
            "프리벤하트"
        ],
        "하트웜실드(심장사상충약)": [
            "Heartworm S"
        ],
        "심장사상충":[
            "심장사상충"
        ],
        "심장사상충예뱡약": [
            "사상충예방",
            "바르는 심장사상충",
            "예방-사상충알약"
        ],
        "심장사상충제거술":[
            "심장사상충제거술"
        ],
        "밀베마이신": [
            "밀베마이신"
        ],
        "이미티사이드": [
            "이미티사이드",
            "Immiticide"
        ],
        "프레드니솔론": [
            "pred",
            "프레드니솔론",
            "PDS",
            "pd 안약"
        ],
        "메틸프레드니솔론": [
            "메틸프레드"
        ],
        "미졸란(복합귓병및피부병치료제)": [
            "mizolan",
            "미졸란"
        ],
        "클로니딘": [
            "클로니딘",
            "clonidine"
        ],
        "세침흡인검사": [
            "FNA",
            "세침흡인"
        ],
        "세극등현미경검사": [
            "BIOMICROSCOPY",
            "세극등",
            "SLIT"
        ],
        "곰팡이배양검사": [
            "DTM",
            "곰팡이배양",
            "곰팡이 배양"
        ],
        "뇨침전검사": [
            "뇨침전검사"
        ],
        "뇨검사": [
            "뇨스틱",
            "요스틱",
            "요/스틱",
            "dipstick",
            "뇨검사",
            "뇨비중",
            "요 비중",
            "뇨친점",
            "요검사",
            "뇨종합검사",
            "소변검사",
            "단백뇨",
            "뇨단백",
            "뇨 단백",
            "Urinalysis",
            "URINE",
            "요침사",
            "요비중",
            "UPC",
            "요/비중",
            "요분석",
            "일반검사(소변)"
        ],
        "미용": [
            "얼굴컷",
            "미용",
            "스파",
            "얼컷",
            "발톱",
            "엉킴",
            "기장",
            "길이",
            "가위컷",
            "기본손질",
            "기본정리",
            "기본케어",
            "냥코케어 손가락",
            "트리밍",
            "클리핑"
        ],
        "호텔": [
            "호텔",
            "놀이방"
        ],
        "목욕": [
            "목욕"
        ],
        "더모센트": [
            "더모센트"
        ],
        "동물등록제": [
            "동물등록",
            "마이크로칩",
            "내장형",
            "인식칩"
        ],
        "로얄캐닌": [
            "로얄캐닌",
            "로열캐닌",
            "royal",
            "모빌리티"
        ],
        "로얄캐닌처방식": [
            "로얄캐닌 처방식",
            "처방식 사료-로열캐닌",
            "intestinal",
            "인테스티날",
            "로얄캐닌 로우펫",
            "로얄캐닌 하이포",
            "가스트로 로우펫",
            "hypoallergenic",
            "헤파틱 캔",
            "하이포 캔",
            "로우펫리퀴드"
        ],
        "인섹트도그처방사료(하이포알러제닉)": [
            "인섹독 미니"
        ],
        "세니메드처방사료": [
            "세니메드 아토피",
            "세니메드 하이포알",
            "세니메드 처방",
            "세니메드 체중감량"
        ],
        "식욕촉진 처방식": [
            "A/a",
            "a/a"
        ],
        "복약지도 처방식": [
            "바이 P/a",
            "시그니처P/a",
            "시그니처바이 P/a",
            "P/a 낱개",
            "P/a 강아지",
            "dog P/a",
            "강아지 p/a",
            "P/a(강아지)",
            "Dog P/a",
            "캔 p/a",
            "P/a캔",
            "P/a 캔",
            "p/a(",
            "p/a하이포",
            "P/a 처방캔",
            "P/a 팩",
            "P/a팩",
            "hypoallergenic P/a",
            "P/a스틱",
            "p/a 스틱",
            "P/a 1ea",
            "P/A (",
            "P/a반려",
            "반려견 P/A",
            "P/a hypo"
        ],
        "시그니처바이처방캔": [
            "시그니쳐바이 처방캔"
        ],
        "라이펙스(췌장소화효소보조제)": [
            "LYPEX",
            "라이펙스"
        ],
        "D/A(복합췌장효소보조제)": [
            "d/a (",
            "시그니처 d/a",
            "시그니처바이 d/a",
            "시그니처바이 다이제스티브"
        ],
        "ANF": [
            "ANF"
        ],
        "힐스": [
            "metabolic",
            "사이언스"
        ],
        "힐스처방식": [
            "a/d",
            "w/d",
            "i/d",
            "z/d",
            "k/d",
            "d/f",
            "us/f",
            "hill's처방식",
            "hill's 처방식",
            "처방식 캔",
            "바이옴",
            "힐스(처방식)",
            "힐스-(처방식)"
        ],
        "처방식": [
            "처방식",
            "가수분해",
            "식이알러지전용 간식",
            "스페시픽 처방식",
            "피부 피모 케어",
            "하이포알러제닉",
            "벳큐어",
            "처방사료"
        ],
        "사료": [
            "프로플랜 칠면조보리",
            "프로플래누 초소형견 퍼피",
            "세니메드 사료",
            "사료"
        ],
        "닥터메디힐처방식": [
            "닥터메디힐"
        ],
        "신장질환보조제": [
            "레날 어드밴스",
            "레날-어드밴스",
            "레날어드밴스",
            "renal"
        ],
        "신장질환처방식": [
            "스페셜 파우치",
            "레날파우치",
            "레날 파우치",
            "레날 리퀴드",
            "처방식 레날",
            "로얄캐닌 레날"
        ],
        "치석관리 껌": [
            "스케일링 츄",
            "아나브러쉬",
            "밀크스틱"
        ],
        "닥터힐메딕스": [
            "닥터힐"
        ],
        "미유믹스": [
            "미유믹스"
        ],
        "플렉사딘어드밴스": [
            "Flexadin",
            "플렉사딘"
        ],
        "네츄리스": [
            "네츄리스"
        ],
        "웰케어": [
            "웰케어",
            "welcare"
        ],
        "넥칼라": [
            "칼라",
            "collar",
            "목카라",
            "넥카라"
        ],
        "귀세정제": [
            "귀세정제",
            "이어클리너",
            "말라세틱 오틱",
            "말아세틱 오틱",
            "말아세틱오틱"
        ],
        "피부도포제": [
            "피부도포제"
        ],
        "내복약": [
            "내복약",
            "캡슐조제",
            "먹는약",
            "capsule",
            "조제",
            "약처방",
            "약 처방",
            "캡슐조제비",
            "캡슐처방",
            "캡슐충진비",
            "캡슐 충진비",
            "복용약",
            "처방약"
        ],
        "내복물약": [
            "물약"
        ],
        "엑티베이트(항산화제)": [
            "베이트",
            "ACRIVAIT",
            "AKTIVAIT"
        ],
        "실리마린": [
            "실리마린",
            "Silymarin"
        ],
        "레프루노미드": [
            "Leflunomide"
        ],
        "마이코페놀산모페틸": [
            "MMF",
            "Mycophenolate"
        ],
        "붕대": [
            "붕대"
        ],
        "부가가치세": [
            "부가가치세",
            "부가세"
        ],
        "주차비": [
            "주차비"
        ],
        "수술비": [
            "수술비",
            "시술료"
        ],
        "병실관리비": [
            "병실관리료"
        ],
        "처방비": [
            "처방비"
        ],
        "진료(입원)": [
            "입원"
        ],
        "진료(일반)": [
            "처치",
            "진료비(일반)",
            "진료비-기본",
            "기본 진료비",
            "일반진료",
            "진료비-주간",
            "진료비 주간",
            "주간진료",
            "진찰비-평일",
            "진찰료(주간)",
            "진찰비",
            "진찰료",
            "진료비",
            "기본진료",
            "진찰-기본",
            "진료상담",
            "진료-일반",
            "진료",
            "결제내역",
            "결재내역",
            "결제금액",
            "진찰",
            "기본관리",
            "일반관리",
            "청구완료",
            "일반처치",
            "병원비",
            "검사비"
        ],
        "진료(재진)": [
            "재진"
        ],
        "진료(야간)": [
            "야간",
            "응급 진료비",
            "응급진료",
            "심야응급",
            "응급처치"
        ],
        "진료(초진)": [
            "초진"
        ],
        "진찰/상담": [
            "진찰/상담",
            "진찰상담비",
            "진찰 상담비",
            "재진 및 상담",
            "문진",
            "상담",
            "판독비"
        ],
        "발사": [
            "발사"
        ],
        "구충약": [
            "구충",
            "광범위기생충"
        ],
        "스팟라인(구충제)": [
            "spotline",
            "스팟라인"
        ],
        "파모스": [
            "pamos",
            "파모스"
        ],
        "페디라산(전해질보조제)": [
            "페디라산"
        ],
        "전해질수액": [
            "수액첨가-전해질",
            "첨가제 비타민+전해질",
            "전해질제제",
            "전해질첨가"
        ],
        "수액": [
            "수액처치",
            "기본수액",
            "일반수액",
            "수액첨가",
            "수액 첨가",
            "수액-첨가",
            "수액-일반",
            "수액"
        ],
        "수액주입장치": [
            "infusion pump",
            "인퓨전펌프",
            "인퓨전 펌프",
            "인퓨젼펌프",
            "수액주입",
            "수액 주입",
            "수액 pump",
            "시린지펌프",
            "수액 펌프",
            "수액펌프"
        ],
        "카테터": [
            "카테터",
            "카테타",
            "catheter"
        ],
        "기관튜브": [
            "endotracheal tube",
            "기관튜브"
        ],
        "나비침": [
            "나비침"
        ],
        "헤파린캡": [
            "헤파린캡"
        ],
        "주사": [
            "주사"
        ],
        "피하/근육주사": [
            "주사-피하",
            "주사일반-피하",
            "주사-일반-피하/근육",
            "주사 피하",
            "주사 -피하",
            "근육주사",
            "근육 주사",
            "피하주사",
            "피하 주사",
            "주사료-피하",
            "주사비(피하/근육",
            "주사비(근육피하)",
            "주사료/피하근육",
            "주사 1개(피하)",
            "피하/정맥"
        ],
        "정맥주사": [
            "정맥주사"
        ],
        "산소치료": [
            "산소공급",
            "산소 처치",
            "산소처치"
        ],
        "고압산소치료": [
            "고압산소치료",
            "고압산소챔버"
        ],
        "약물치료": [
            "투약"
        ],
        "택배비": [
            "택배비"
        ],
        "혈압강화제": [
            "Ramipril",
            "혈압강화제"
        ],
        "하이드로몰폰": [
            "hydromorphone",
            "딜리드주"
        ],
        "펜타닐": [
            "fentanyl"
        ],
        "미다졸람": [
            "midazolam"
        ],
        "부토파놀": [
            "butorphanol"
        ],
        "조직검사": [
            "조직검사",
            "조직병리"
        ],
        "모발검사(중금속검사)": [
            "중금속"
        ],
        "미세흡인검사": [
            "미세흡인검사"
        ],
        "마보플록사신": [
            "marboflox"
        ],
        "세균배양": [
            "세균배양"
        ],
        "진균배양": [
            "진균배양"
        ],
        "암로디핀": [
            "암로디핀",
            "Amlodipine"
        ],
        "오티퓨어": [
            "오티퓨어"
        ],
        "원충약": [
            "원충약"
        ],
        "아목시실린": [
            "amoxicillin",
            "amoxi-"
        ],
        "락타목스정": [
            "락타목스"
        ],
        "용품": [
            "용품",
            "장난감",
            "찜질팩",
            "일자빗",
            "공캡슐",
            "일회용 프로피 앵글",
            "하네스",
            "문펫",
            "칫솔",
            "비닐봉투",
            "의류",
            "옷",
            "매장카트"
        ],
        "입마개": [
            "입마개"
        ],
        "리얼비피더스": [
            "비피더스"
        ],
        "빌리루빈": [
            "total bilirubin"
        ],
        "미르타자핀": [
            "mirtazapine",
            "레메론"
        ],
        "프라메딘": [
            "pramebdin"
        ],
        "세포흡인검사": [
            "세포흡인검사"
        ],
        "크라이오펜": [
            "크라이오펜",
            "Cryopen"
        ],
        "임상병리": [
            "임상병리"
        ],
        "헤파카디오": [
            "헤피카디"
        ],
        "스테로이드": [
            "스테로이드"
        ],
        "프로포폴": [
            "프로바이브",
            "Propofol",
            "프로포폴"
        ],
        "미노씬캡슐(미노사이클린)": [
            "미노씬"
        ],
        "미노사이클린": [
            "미노사이클린"
        ],
        "안티셉틱": [
            "antiseptic"
        ],
        "이소성첩모제거": [
            "ectopic cilia"
        ],
        "첩모제거": [
            "첩모제거",
            "접모제거"
        ],
        "암모니아": [
            "Ammonia",
            "암모니아"
        ],
        "바이트릴 오틱": [
            "baytril",
            "바이트릴"
        ],
        "레비티라세탐": [
            "Levetira"
        ],
        "클라바목스": [
            "Clavamox"
        ],
        "파모티딘": [
            "Famotidine",
            "파모티딘"
        ],
        "소견서/진단서": [
            "소견서",
            "진단서"
        ],
        "통증관리": [
            "통증관리"
        ],
        "페노바비탈": [
            "페노바비탈"
        ],
        "집중치료실": [
            "ICU사용료",
            "ICU 사용료",
            "ICU입원",
            "ICU(중환자)",
            "집중치료실(ICU)",
            "집중치료실 (ICU)",
            "입원비(ICU",
            "입원비-(ICU",
            "입원비-ICU",
            "추가-ICU",
            "1일 icu",
            "입원(icu",
            "입원-icu",
            "집중치료실"
        ],
        "인공이식": [
            "surgical mesh"
        ],
        "피부연고": [
            "피부연고",
            "외용제(피부)",
            "외용제-피부",
            "외용제 피부",
            "피부-외용제"
        ],
        "겐타마이신연고": [
            "겐타마이신",
            "gentamycin",
            "Gentamicin"
        ],
        "베로아크림": [
            "베로아"
        ],
        "박트로반연고": [
            "박트로반"
        ],
        "레포틸": [
            "레포틸"
        ],
        "지방종제거술": [
            "지방종"
        ],
        "체온계": [
            "체온계"
        ],
        "아지트로마이신": [
            "azithromycin"
        ],
        "스맥타": [
            "스맥타",
            "스멕타",
            "smecta",
            "smcta"
        ],
        "엔로플록사신": [
            "enrofloxacin",
            "엔로"
        ],
        "아시엔로정": [
            "아시엔로"
        ],
        "팜시클로버": [
            "팜시클로버",
            "famci"
        ],
        "식욕촉진제": [
            "식욕촉진제"
        ],
        "후검사": [
            "후검사",
            "후 검사"
        ],
        "후처치": [
            "후처치",
            "후 처치"
        ],
        "소독약": [
            "소독약",
            "소독제",
            "포비돈"
        ],
        "소독": [
            "소독"
        ],
        "후라베린": [
            "후라베린"
        ],
        "네오덤크림": [
            "네오덤"
        ],
        "베타메타손": [
            "betamethasone"
        ],
        "정형외과검사": [
            "정형외과적 검사"
        ],
        "항생제감수성검사": [
            "항암제감수성",
            "항생제감수성",
            "항생제 감수성"
        ],
        "피부세포학검사": [
            "피부세포학",
            "검사 피부"
        ],
        "귀세포학검사": [
            "귀세포학"
        ],
        "눈세포학검사": [
            "눈세포학"
        ],
        "조직세포병리검사": [
            "조직세포병리"
        ],
        "진정제": [
            "진정제"
        ],
        "코튼볼": [
            "코튼볼"
        ],
        "회원가입": [
            "회원가입"
        ],
        "교차반응검사": [
            "교차반응",
            "cross"
        ],
        "헤파멜즈": [
            "Hepamerz",
            "헤파멜"
        ],
        "콘드프로텍": [
            "콘드프로텍"
        ],
        "항문낭": [
            "항문낭"
        ],
        "심전도검사": [
            "ECG",
            "심전도"
        ],
        "심근수축약": [
            "심근수축약"
        ],
        "백내장지연제": [
            "백내장지연제",
            "백내장 지연제"
        ],
        "백내장수술": [
            "백내장수술"
        ],
        "포피소독": [
            "포피소독",
            "포피 소독",
            "포피세척",
            "포피세정"
        ],
        "피부소독": [
            "피부소독",
            "피부-소독"
        ],
        "데피니트": [
            "데피니트",
            "Definite"
        ],
        "ANA": [
            "Antinuclear",
            "(ANA)"
        ],
        "락토벳": [
            "락토벳"
        ],
        "유산균": [
            "유산균"
        ],
        "치주팩": [
            "치주팩"
        ],
        "다베포에틴알파": [
            "Darbepoetin",
            "다베포에틴",
            "DPO"
        ],
        "네스프프리필드시린지주(다베포에틴알파)": [
            "네스프"
        ],
        "철분제": [
            "Iron supple",
            "iron supply",
            "철분"
        ],
        "간식": [
            "후코참치",
            "치킨",
            "양귀",
            "명태",
            "고구마",
            "어덜트",
            "껌",
            "야채미트",
            "가다랑어",
            "가다랭이",
            "츄루",
            "하루애져키 오리",
            "캣가든",
            "램치즈",
            "삼계죽",
            "캣스틱",
            "피넛츠 버터",
            "터키츄",
            "오리고기",
            "Natural Chicken Rice Stick",
            "클래식비프치즈",
            "간식"
        ],
        "해피믹스모듬건강간식": [
            "해피믹스"
        ],
        "릴렉스&리워드간식": [
            "릴렉스"
        ],
        "후코이단": [
            "후코이단"
        ],
        "더마겔": [
            "더마겔"
        ],
        "탄산리튬": [
            "Lithium carbonate"
        ],
        "마이코페놀레이트": [
            "Mycopgenolate"
        ],
        "레가론": [
            "Siltmarin"
        ],
        "스포팅": [
            "스포팅"
        ],
        "멸균용품": [
            "멸균"
        ],
        "의료용품": [
            "의료소모품",
            "의료 소모품",
            "수술소모품"
        ],
        "토라세미드": [
            "torsemide"
        ],
        "조니사미드": [
            "Zonisamide",
            "zns"
        ],
        "소염진통제": [
            "소염"
        ],
        "베트컴": [
            "베트컴"
        ],
        "피부병처방": [
            "피부병약",
            "내복약 특수 피부"
        ],
        "피부병처치": [
            "피부병치료"
        ],
        "코타방스": [
            "코타방스",
            "cortavance"
        ],
        "리마딜": [
            "리마딜"
        ],
        "진통약": [
            "진통제",
            "진통처치"
        ],
        "특수약": [
            "특수 처방약",
            "특수약",
            "특수영양제",
            "특수약물",
            "특수 약물"
        ],
        "고가의약품": [
            "고가"
        ],
        "영양요법": [
            "영양요법"
        ],
        "감기물약": [
            "감기물약"
        ],
        "위장물약": [
            "위장물약"
        ],
        "위장현탁액": [
            "위장현탁액"
        ],
        "위보호제": [
            "위보호제"
        ],
        "위세척": [
            "위세척"
        ],
        "탈수방지제": [
            "탈수방지제"
        ],
        "말라론": [
            "말라론"
        ],
        "프레비콕스": [
            "프레비콕시"
        ],
        "니트로프루시드(고혈압제)": [
            "nitroprusside"
        ],
        "아모크라네오": [
            "amocla",
            "amocra",
            "아모크라"
        ],
        "베나제프릴": [
            "benazepril",
            "베나제프릴"
        ],
        "베나실정": [
            "베나실정"
        ],
        "도부타민": [
            "dobutamine"
        ],
        "향정신성의약품처방": [
            "향정신성의약품",
            "향정(마약)류"
        ],
        "아세프로마진": [
            "acepromazine"
        ],
        "고항혈장": [
            "고항혈장"
        ],
        "흉수천자": [
            "흉수천자"
        ],
        "복수천자": [
            "복수천자"
        ],
        "복수검사": [
            "복수검사",
            "복수 검사"
        ],
        "복수제거": [
            "복수제거",
            "복수 제거",
            "Ascites"
        ],
        "복강천자": [
            "복강천자",
            "Abdocentesis"
        ],
        "항경련제": [
            "항경련제"
        ],
        "프레가발린": [
            "pregabalin",
            "프레가발린",
            "항경련제"
        ],
        "알러소프트": [
            "알러소프트"
        ],
        "카베딜롤": [
            "carvedilol",
            "딜라트렌"
        ],
        "로페라마이드": [
            "loperamide"
        ],
        "레나메진": [
            "레나메진"
        ],
        "파이오스팟": [
            "파이오스팟"
        ],
        "프릴리움": [
            "프릴리움"
        ],
        "이미다프릴": [
            "imidapril"
        ],
        "엘글루타민": [
            "L-Glutamine"
        ],
        "아세틸시스테인": [
            "Acetyl",
            "아세틸시스테인"
        ],
        "NSAID(비스테로이드 항염증제)": [
            "nsaid"
        ],
        "독시사이클린": [
            "톡시싸이클린",
            "doxy"
        ],
        "펜톡시필린": [
            "펜톡시필린"
        ],
        "포스레놀정": [
            "포스레놀",
            "lanthanum"
        ],
        "세팔렉신(항생제)": [
            "cepharexine",
            "세파렉신"
        ],
        "비오칸M": [
            "비오칸",
            "Biocan"
        ],
        "혈류순환개선제": [
            "혈류순환개선제"
        ],
        "자렐토정": [
            "자렐토",
            "XARELTO"
        ],
        "리바록사반": [
            "리바록사반",
            "rivaroxaban"
        ],
        "유전자분석검사": [
            "Celli pet 검사"
        ],
        "유전자검사": [
            "유전자 검사"
        ],
        "십자인대재건술": [
            "십자인대 재건"
        ],
        "요도관장착": [
            "요도관 장착"
        ],
        "교상처치및수술": [
            "교상"
        ],
        "오메가3": [
            "오메가"
        ],
        "듀오메가(오메가3)영양제": [
            "듀오메가",
            "omega-3 (duo)"
        ],
        "루비날(신장영양제)": [
            "Rubenal",
            "루비날"
        ],
        "유로키나아제(혈전증치료제)": [
            "유로키나아제"
        ],
        "세라마이드&오메가3영양간식": [
            "세라마이드&오메가3",
            "세라마이드 & 오메가3",
            "세라마이드앤 오메가3",
            "세라미이드오메가"
        ],
        "비타민&미네랄영양제": [
            "비타민&미네랄"
        ],
        "이노캡스LZ-13(눈영양제)":[
            "LZ-13"
        ],
        "이노캡스CQ-10(심장영양제)":[
            "CQ-10"
        ],
        "이노캡스영양제": [
            "이노캡스"
        ],
        "관절염치료제": [
            "관절염 치료제"
        ],
        "면역증강제": [
            "면역증강제"
        ],
        "분만유도(Labour Induction)": [
            "labour induction",
            "분만유도"
        ],
        "인슐린": [
            "인슐린",
            "insulin"
        ],
        "카토비타(영양주사)": [
            "catovita",
            "카토비타"
        ],
        "비타민12주사": [
            "vit b12",
            "vitb12",
            "코발라민",
            "cobalamine",
            "cobalamin)주사",
            "cyanocobalamin"
        ],
        "코발라플렉스": [
            "코발라플렉스",
            "cobalaplex"
        ],
        "대사촉진제": [
            "대사촉진제"
        ],
        "진해거담제": [
            "진해거담제"
        ],
        "웰케어투약보조제(유산균)": [
            "웰케어 유산균",
            "웰케어 투약보조",
            "웰케어 액상",
            "웰케어 약물",
            "웰케어 락토",
            "웰케어 Lac",
            "welcare lac",
            "웰캐어개",
            "유산균제 웰케어",
            "웰케어(",
            "웰케어 (",
            "welcare (",
            "웰케어 10개",
            "웰케어 DOG",
            "웰케어-DOG",
            "웰케어 강아지",
            "웰케어 내복약 약물투약",
            "wellcare) 10p",
            "welcare 10개",
            "유산균-웰케어",
            "유산슌-웰케어",
            "유산균(웰케어)",
            "welcare med assis",
            "투약보조제("
        ],
        "투약보조제": [
            "투약보조제"
        ],
        "락토샷(치료용유산균": [
            "락토샷",
            "lactoshot"
        ],
        "락토웰장용캡슐": [
            "lacto cap",
            "lacto-cap"
        ],
        "혈관확장제": [
            "혈관확정",
            "혈관확장"
        ],
        "디벤지란(고혈압증상치료제)": [
            "Dibenzyran"
        ],
        "페녹시벤자민": [
            "Phenoxybenzamin"
        ],
        "트로포닌(심근손상지표)": [
            "cTnI"
        ],
        "생균제": [
            "생균제"
        ],
        "항생제": [
            "항생제"
        ],
        "케토코나졸": [
            "케토코나졸",
            "ketoconazole"
        ],
        "아토피특수제": [
            "특수제제 아토피"
        ],
        "베자피브레이트": [
            "bezafibrate",
            "베자피브레이트"
        ],
        "세타프릴(고혈압약)": [
            "세타프릴"
        ],
        "테오필린": [
            "theophylline"
        ],
        "카모스타트메실산(만성췌장염치료제)": [
            "Camostat mesilate"
        ],
        "가벡세이트(단백분해효소억제제)": [
            "gabexate"
        ],
        "단백분해효소억제제(췌장염)": [
            "단백분해효소억제"
        ],
        "산디문뉴오랄연질캡슐": [
            "산디문"
        ],
        "혈당관리": [
            "혈당관리"
        ],
        "혈당스틱(처치)": [
            "glucose stick"
        ],
        "디펩티벤주사(면역력)": [
            "디펩티벤",
            "dipeptiven"
        ],
        "피록시캄": [
            "piroxicam"
        ],
        "몬테루카스트(천식치료)": [
            "montelukast"
        ],
        "세틸피리디늄클로라이드(소독약)": [
            "CHX"
        ],
        "벤토린흡입액": [
            "벤토린",
            "벤토란"
        ],
        "세프포독심(항생제)": [
            "세포독심",
            "Cepodoxime"
        ],
        "푸로작캡슐(항우울제)": [
            "푸로작",
            "fluoxetine"
        ],
        "네오뮤코잘(구강내상처및염증완화)": [
            "neo mucosal activator"
        ],
        "나이아신아마이드": [
            "niacinamide"
        ],
        "데스모프레신": [
            "데스모프레신"
        ],
        "프라그민주사": [
            "프라그민",
            "daltepa"
        ],
        "혈액검사": [
            "혈액"
        ],
        "혈액검사(CBC)": [
            "procyte",

            "염증빈혈수치",
            "염증 빈혈 수치",

            "complete blood",
            "complete profile",
            "CBC",
            "혈액(EDTA",
            "HCT",
            "PLT",
            "WBC",
            "RBC",
            "검사-혈구",
            "검사 혈구",
            "검사-전혈구",
            "검사-백혈구",
            "혈액전혈구",
            "혈액-전혈구",
            "혈액 전혈구",
            "혈구검사",
            "혈구분석",
            "혈액 혈구",
            "혈액(혈구",
            "혈액 (혈구",
            "혈액(전혈구",
            "/혈구",
            "혈구/",
            "혈액-혈구",
            "혈구분석검사",
            "혈구혈청검사 CBC"
        ],
        "혈액(혈청)화학검사(Chemistry)": [
            "VB1",
            "PT10",

            "CHEM",
            "화학",
            "혈청",
            "Catalyst",
            "카탈리스트",

            "ALB",

            "CPL",
            "CPI",
            "CPU",
            "FPL",
            "PLI",
            "PANCREAS",
            "lipa",
            "리파",
            "혈액검사(v-lip",
            "혈청검사_w췌장",
            "췌장염검사",
            "췌장염 검사",
            "췌장염 진단",
            "췌장염 정량",
            "췌장염키트",
            "췌장염킷",
            "췌장염kit",
            "고양이 췌장",
            "강아지 췌장",
            "췌장특이",
            "키트검사-췌장염",
            "키트-췌장",
            "키트 췌장",
            "키트 개 췌장",
            "키트-개-췌장",
            "키트검사-개 췌장",
            "키트검사-고양이 췌장",
            "검사-췌장",
            "검사 췌장",
            "췌장염수치",
            "췌장염진단",
            "췌장 정량검사",
            "췌장 수치(리파아제) 검사",
            "Amylase",
            "catalyst one_amyl",
            "catalyst one_renal",
            "생화학종합(2종 glu/amyl)",
            "혈액검사(amy",

            "BUN CRE P",
            "crea.",
            "crea/",
            "(crea)",
            "creatinine",
            "혈청화학-crea",
            "혈청검사-crea",

            "당검사",
            "혈액 glu",
            "혈액glu",
            "화학-glu",
            "/glu",
            "glu/",
            "검사glu",
            "검사(glu",
            "혈청 glu",
            "혈청(glu",
            "혈당 glu",
            "혈당(glu",
            "chem-glu",
            "종 glu",
            ")종 glu",
            "당화",
            "fructo",

            "/PHOS",
            "혈액 PHOS",
            "혈액PHOS",
            "-PHOS",

            "혈액TP",
            "혈액 tp",
            "단백(TP",
            "단백 (tp",
            "-TP",
            "TP/",
            "/TP",

            "TG.CHOL",
            "/TG",
            "-TG",
            "+TG",
            "trig",

            "/CK",
            "혈액 CK",
            "혈액CK",

            "chem-LDH"
        ],
        "혈액검사(전해질)": [
            "VB1",
            "PT10",

            "전해질",
            "검사-전해",

            "NaKCl",
            "Na Cl",
            "Na K Cl",
            "na/k/cl",
            "na/cl/k",
            "na, k, cl",
            "na.k.cl",

            "/ca",
            "혈액 ca",
            "혈액ca",
            "calcium",
            "- ca",
            "-ca",

            "/cl",
            ".cl",
            "/c1",

            "na+",

            "/p",
            "BUN CRE P",
            "B.C.P",
            "B/C/P"
        ],
        "혈청검사(호르몬검사)": [
            "검사-호르몬",
            "호르몬검사",
            "호르몬 검사",
            "호르몬) 검사",
            "호르몬-검사",
            "호르몬 acth",
            "혈액 (호르몬",
            "혈액(호르몬",
            "혈액-호르몬",
            "호르몬 측정",
            "내과 호르몬",
            "호르몬 자극검사",
            "갑상선 호르몬",
            "갑상선호르몬",
            "갑상성-호르몬",
            "Cortisol",
            "코티솔",
            "T4"
        ],
        "혈청검사(혈액요소질소)":[
            "blood urea nitrogen",
            "BUN",
            "B.C.P",
            "B/C/P"
        ],
        "혈액검사(간검사)": [
            "혈액검사 간",
            "혈청 간기능",
            "화학검사-간",
            "검사-간(",
            "검사-간 (",
            "검사) 간",
            "검사-간/",
            "검사-간기능",
            "검사(간신장",
            "검사 w간질환",
            "검사 (삼성/간",
            "검사(삼성/간",
            "간검사",
            "간기능검사",
            "간기능패널검사",
            "간 신장 기능평가",
            "chemistry-간",
            "chemistry_간",
            "chemistry(간",
            "chemistry)간",
            "chemistry 간",

            "ALK",
            "/alp",
            "(alp",
            "alp)",
            "-alp",

            "GGT",

            "-alt",
            "혈액alt",
            "혈액 alt",
            "검사alt",
            "/alt",
            "alt/",
            "alt(",
            "(alt",
            "GPT",

            "혈액 ast",
            "혈액ast",
            "_ast",
            "/ast",
            "(ast",
            "- ast",
            "-ast",
            "GOT",

            "tbil",
            "t-bil",
            "황달"
        ],
        "혈액검사(염증수치검사)": [
            "염증수치",
            "염증단백질수치"
        ],
        "혈액검사(SAA)": [
            "saa",
            "고양이 염증",
            "고양이/염증"
        ],
        "혈액검사(CRP)": [
            "CRP",
            "reactive"
        ],
        "혈액검사(젖산검사)": [
            "젖산",
            "lactate",
            "혈액(chem-LDH)"
        ],
        "혈액검사(PCR검사)": [
            "PCR"
        ],
        "혈액검사(신장기능검사)": [
            "SDMA",
            "VB1-간 신장",
            "Chemistry(신장",
            "Chemistry (신장",
            "혈청검사)-(신장",
            "신장 기능"
        ],
        "혈액검사(췌장염검사)": [
            "CPL",
            "PANCREAS",
            "CPI",
            "CPU",
            "PLI",
            "FPL",

            "lipa",
            "리파",
            "Amylase",
            "catalyst one_amyl",
            "catalyst one_renal",
            "/amyl",
            "혈액검사(amy",
            "췌장 수치(리파아제) 검사",
            "혈액검사(v-lip",

            "Chemistry(췌장",
            "chemistry 췌장",
            "chemistry-췌장",
            "혈청검사_w췌장",
            "췌장염검사",
            "췌장염 검사",
            "췌장염 진단",
            "췌장염 정량",
            "췌장염키트",
            "췌장염킷",
            "췌장염kit",
            "고양이 췌장",
            "강아지 췌장",
            "췌장특이",
            "키트검사-췌장염",
            "키트-췌장",
            "키트 췌장",
            "키트 개 췌장",
            "키트-개-췌장",
            "키트검사-개 췌장",
            "키트검사-고양이 췌장",
            "검사-췌장",
            "검사 췌장",
            "췌장염수치",
            "췌장염진단",
            "췌장 정량검사"
        ],
        "혈액검사(쿠싱검사)": [
            "LDDST",
            "ACTH"
        ],
        "혈액검사(복막염)": [
            "복막염",
            "(fip"
        ],
        "리발타테스트(FIP)": [
            "리발타",
            "rivalta"
        ],
        "혈액검사(혈액형검사)": [
            "혈액형"
        ],
        "혈액응고검사": [
            "응고",
            "dimer"
        ],
        "혈액가스검사": [
            "혈액가스",
            "혈액(가스)",
            "-가스분석",
            "blood gas"
        ],
        "혈압검사": [
            "혈압/",
            "혈압 검사",
            "검사-혈압",
            "혈압측정",
            "혈압 측정",
            "blood pressure"
        ],
        "혈액검사(단백질수치측정검사)": [
            "GHP",
            "ALB"
        ],
        "혈액검사(혈당검사)": [
            "당 검사",
            "간이혈당계",
            "glucometer",
            "glucose stick",
            "glucosestick",
            "당검사",
            "혈액 glu",
            "혈액glu",
            "화학-glu",
            "/glu",
            "glu/",
            "검사glu",
            "검사(glu",
            "혈청 glu",
            "혈청(glu",
            "혈당 glu",
            "혈당(glu",
            "chem-glu",
            "종 glu",
            ")종 glu",
            "당화",
            "fructo"
        ],
        "갑상선호르몬검사": [
            "T4",
            "갑상선 호르몬 검사",
            "갑상선기능 검사"
        ],
        "항체가검사": [
            "항체",
            "IgG"
        ],
        "Immunocom(항체가검사)": [
            "Immunocom"
        ],
        "항체가검사(파보/코로나/홍역)": [
            "키트-3종"
        ],
        "키트검사(CPV)": [
            "파보",
            "CPV"
        ],
        "키트검사(CDV)": [
            "CDV",
            "홍역",
            "디스템퍼",
            "distemp"
        ],
        "키트검사(CCV)": [
            "CCV",
            "코로나 항원",
            "코로나검사",
            "코로나 검사",
            "코로나 콤보",
            "코로나 combo",
            "코로나 바이러스 검사",
            "+코로나",
            "/코로나",
            "파보 코로나"
        ],
        "키트검사(CIV)": [
            "CIV"
        ],
        "키트검사(지알디아)": [
            "giar",
            "지알디아",
            "지아디아",
            "지아르디아"
        ],
        "키트검사(3Dx)": [
            "3Dx"
        ],
        "키트검사(4Dx)": [
            "4Dx",
            "anaplasmosis"
        ],
        "키트검사(번식장애)": [
            "번식장애",
            "brucella"
        ],
        "키트검사(FPV)": [
            "고양이파보",
            "FPV",
            "범백",
            "panleukopenia"
        ],
        "키트검사(FcoV/FIP)": [
            "FCoV",
            "(FIP",
            "FIP PCR",
            "고양이 코로나",
            "고양이-코로나",
            "전염성복막염검사",
            "고양이 복막염 검사",
            "항체가검사(전염성복막염"
        ],
        "키트검사(FeLV+FIV)": [
            "fiv",
            "felv)콤보"
        ],
        "Bile Acid 검사": [
            "bile",
            "담즙산"
        ],
        "Troponin I 검사": [
            "트로포닌",
            "troponin"
        ],
        "Cobalamin(vitB12)&Folate": [
            "cobalamin and folate",
            "Cobalamin folate",
            "cobalamin/folate"
        ],
        "심장사상충검사": [
            "심장사상충 자충검사",
            "심장사상충검사",
            "심장사상충 검사",
            "사상충키트",
            "심장사상충 키트",
            "HW 검사",
            "HW test",
            "키트)강아지 심장사상",
            "키트 개 심장사상",
            "키트-개 심장사상",
            "키트-개-심장사상",
            "키트-심장사상",
            "키트 - 심장사상",
            "키트-Dog 심장사상",
            "키트검사-개 심장사상",
            "키트검사_심장사상",
            "키트-고양이-트리플콤보-심장사상",
            "heartworm) 검사",
            "heartworm)검사",
            "Heartworm test",
            "CHW",
            "heartworm AG Kit",
            "heartworm kit"
        ]
    }
}