{"version": "V2", "requestId": "1ff95fe8-3ece-43b5-b517-4941b32eb483", "timestamp": 1676954277914, "images": [{"uid": "58bbba1c2c8b43a691453bcbfaa8f65c", "name": "demo", "inferResult": "SUCCESS", "message": "SUCCESS", "validationResult": {"result": "NO_REQUESTED"}, "convertedImageInfo": {"width": 377, "height": 960, "pageIndex": 0, "longImage": false}, "fields": [{"valueType": "ALL", "boundingPoly": {"vertices": [{"x": 111.0, "y": 68.0}, {"x": 148.0, "y": 69.0}, {"x": 147.0, "y": 83.0}, {"x": 110.0, "y": 81.0}]}, "inferText": "\uc774\ub9ac\uc628", "inferConfidence": 0.9977, "type": "NORMAL", "lineBreak": true}, {"valueType": "ALL", "boundingPoly": {"vertices": [{"x": 105.0, "y": 81.0}, {"x": 151.0, "y": 81.0}, {"x": 151.0, "y": 95.0}, {"x": 105.0, "y": 95.0}]}, "inferText": "(\uccad\uad6c\uc11c)", "inferConfidence": 0.9982, "type": "NORMAL", "lineBreak": true}, {"valueType": "ALL", "boundingPoly": {"vertices": [{"x": 69.0, "y": 110.0}, {"x": 172.0, "y": 110.0}, {"x": 172.0, "y": 123.0}, {"x": 69.0, "y": 123.0}]}, "inferText": "\ubc1c\ud589\uc77c:2020-05-07", "inferConfidence": 0.9894, "type": "NORMAL", "lineBreak": false}, {"valueType": "ALL", "boundingPoly": {"vertices": [{"x": 174.0, "y": 111.0}, {"x": 209.0, "y": 111.0}, {"x": 209.0, "y": 123.0}, {"x": 174.0, "y": 123.0}]}, "inferText": "19:28:", "inferConfidence": 0.9997, "type": "NORMAL", "lineBreak": false}, {"valueType": "ALL", "boundingPoly": {"vertices": [{"x": 208.0, "y": 111.0}, {"x": 223.0, "y": 111.0}, {"x": 223.0, "y": 123.0}, {"x": 208.0, "y": 123.0}]}, "inferText": "28", "inferConfidence": 1.0, "type": "NORMAL", "lineBreak": true}, {"valueType": "ALL", "boundingPoly": {"vertices": [{"x": 69.0, "y": 138.0}, {"x": 185.0, "y": 138.0}, {"x": 185.0, "y": 153.0}, {"x": 69.0, "y": 153.0}]}, "inferText": "\ubcf4\ud638\uc790:\uc724\uc774\ub098(\uc591\uc7acR)", "inferConfidence": 0.9975, "type": "NORMAL", "lineBreak": false}, {"valueType": "ALL", "boundingPoly": {"vertices": [{"x": 186.0, "y": 140.0}, {"x": 227.0, "y": 140.0}, {"x": 227.0, "y": 152.0}, {"x": 186.0, "y": 152.0}]}, "inferText": "(16893)", "inferConfidence": 0.9971, "type": "NORMAL", "lineBreak": true}, {"valueType": "ALL", "boundingPoly": {"vertices": [{"x": 68.0, "y": 153.0}, {"x": 106.0, "y": 153.0}, {"x": 106.0, "y": 167.0}, {"x": 68.0, "y": 167.0}]}, "inferText": "\ubbf8\uc218:0", "inferConfidence": 0.9891, "type": "NORMAL", "lineBreak": true}, {"valueType": "ALL", "boundingPoly": {"vertices": [{"x": 68.0, "y": 181.0}, {"x": 118.0, "y": 183.0}, {"x": 117.0, "y": 199.0}, {"x": 67.0, "y": 197.0}]}, "inferText": "\uc138\ubd80\ub0b4\uc5ed", "inferConfidence": 0.9997, "type": "NORMAL", "lineBreak": false}, {"valueType": "ALL", "boundingPoly": {"vertices": [{"x": 207.0, "y": 184.0}, {"x": 233.0, "y": 184.0}, {"x": 233.0, "y": 200.0}, {"x": 207.0, "y": 200.0}]}, "inferText": "\uc218\ub7c9", "inferConfidence": 0.9905, "type": "NORMAL", "lineBreak": false}, {"valueType": "ALL", "boundingPoly": {"vertices": [{"x": 265.0, "y": 185.0}, {"x": 291.0, "y": 185.0}, {"x": 291.0, "y": 201.0}, {"x": 265.0, "y": 201.0}]}, "inferText": "\uae08\uc561", "inferConfidence": 0.9932, "type": "NORMAL", "lineBreak": true}, {"valueType": "ALL", "boundingPoly": {"vertices": [{"x": 69.0, "y": 213.0}, {"x": 163.0, "y": 213.0}, {"x": 163.0, "y": 225.0}, {"x": 69.0, "y": 225.0}]}, "inferText": "(\ub79c\ub514[202000541]", "inferConfidence": 0.9826, "type": "NORMAL", "lineBreak": false}, {"valueType": "ALL", "boundingPoly": {"vertices": [{"x": 165.0, "y": 216.0}, {"x": 174.0, "y": 216.0}, {"x": 174.0, "y": 222.0}, {"x": 165.0, "y": 222.0}]}, "inferText": "-", "inferConfidence": 0.96, "type": "NORMAL", "lineBreak": false}, {"valueType": "ALL", "boundingPoly": {"vertices": [{"x": 177.0, "y": 213.0}, {"x": 243.0, "y": 215.0}, {"x": 243.0, "y": 227.0}, {"x": 176.0, "y": 226.0}]}, "inferText": "2020-05-06)", "inferConfidence": 0.9848, "type": "NORMAL", "lineBreak": true}, {"valueType": "ALL", "boundingPoly": {"vertices": [{"x": 69.0, "y": 226.0}, {"x": 105.0, "y": 226.0}, {"x": 105.0, "y": 240.0}, {"x": 69.0, "y": 240.0}]}, "inferText": "\uc9c4\ucc30\ube44", "inferConfidence": 1.0, "type": "NORMAL", "lineBreak": false}, {"valueType": "ALL", "boundingPoly": {"vertices": [{"x": 225.0, "y": 230.0}, {"x": 232.0, "y": 230.0}, {"x": 232.0, "y": 241.0}, {"x": 225.0, "y": 241.0}]}, "inferText": "1", "inferConfidence": 0.9997, "type": "NORMAL", "lineBreak": false}, {"valueType": "ALL", "boundingPoly": {"vertices": [{"x": 253.0, "y": 230.0}, {"x": 291.0, "y": 230.0}, {"x": 291.0, "y": 243.0}, {"x": 253.0, "y": 243.0}]}, "inferText": "11,000", "inferConfidence": 0.9946, "type": "NORMAL", "lineBreak": true}, {"valueType": "ALL", "boundingPoly": {"vertices": [{"x": 67.0, "y": 240.0}, {"x": 175.0, "y": 242.0}, {"x": 175.0, "y": 257.0}, {"x": 67.0, "y": 255.0}]}, "inferText": "*\ud608\uc561\uac80\uc0ac-\uc5f4\uad6c08C(", "inferConfidence": 0.9383, "type": "NORMAL", "lineBreak": false}, {"valueType": "ALL", "boundingPoly": {"vertices": [{"x": 225.0, "y": 244.0}, {"x": 232.0, "y": 244.0}, {"x": 232.0, "y": 256.0}, {"x": 225.0, "y": 256.0}]}, "inferText": "1", "inferConfidence": 0.9998, "type": "NORMAL", "lineBreak": false}, {"valueType": "ALL", "boundingPoly": {"vertices": [{"x": 251.0, "y": 242.0}, {"x": 291.0, "y": 244.0}, {"x": 290.0, "y": 259.0}, {"x": 250.0, "y": 256.0}]}, "inferText": "47,900", "inferConfidence": 0.9903, "type": "NORMAL", "lineBreak": true}, {"valueType": "ALL", "boundingPoly": {"vertices": [{"x": 67.0, "y": 255.0}, {"x": 174.0, "y": 256.0}, {"x": 174.0, "y": 271.0}, {"x": 67.0, "y": 270.0}]}, "inferText": "*\ud608\uc561\uac80\uc0ac-\uc5f4\uc815\ud654\ud559", "inferConfidence": 0.9757, "type": "NORMAL", "lineBreak": false}, {"valueType": "ALL", "boundingPoly": {"vertices": [{"x": 222.0, "y": 258.0}, {"x": 233.0, "y": 258.0}, {"x": 233.0, "y": 272.0}, {"x": 222.0, "y": 272.0}]}, "inferText": "6", "inferConfidence": 0.9997, "type": "NORMAL", "lineBreak": false}, {"valueType": "ALL", "boundingPoly": {"vertices": [{"x": 251.0, "y": 259.0}, {"x": 290.0, "y": 259.0}, {"x": 290.0, "y": 273.0}, {"x": 251.0, "y": 273.0}]}, "inferText": "51,000", "inferConfidence": 0.9926, "type": "NORMAL", "lineBreak": true}, {"valueType": "ALL", "boundingPoly": {"vertices": [{"x": 68.0, "y": 270.0}, {"x": 94.0, "y": 270.0}, {"x": 94.0, "y": 285.0}, {"x": 68.0, "y": 285.0}]}, "inferText": "\uc77c\ubc18", "inferConfidence": 0.9999, "type": "NORMAL", "lineBreak": false}, {"valueType": "ALL", "boundingPoly": {"vertices": [{"x": 97.0, "y": 271.0}, {"x": 134.0, "y": 271.0}, {"x": 134.0, "y": 286.0}, {"x": 97.0, "y": 286.0}]}, "inferText": "\ubc29\uc0ac\uc120", "inferConfidence": 0.9996, "type": "NORMAL", "lineBreak": false}, {"valueType": "ALL", "boundingPoly": {"vertices": [{"x": 138.0, "y": 272.0}, {"x": 174.0, "y": 272.0}, {"x": 174.0, "y": 285.0}, {"x": 138.0, "y": 285.0}]}, "inferText": "(\ud749\ubd80/", "inferConfidence": 0.9994, "type": "NORMAL", "lineBreak": false}, {"valueType": "ALL", "boundingPoly": {"vertices": [{"x": 222.0, "y": 273.0}, {"x": 233.0, "y": 273.0}, {"x": 233.0, "y": 286.0}, {"x": 222.0, "y": 286.0}]}, "inferText": "2", "inferConfidence": 1.0, "type": "NORMAL", "lineBreak": false}, {"valueType": "ALL", "boundingPoly": {"vertices": [{"x": 252.0, "y": 274.0}, {"x": 290.0, "y": 274.0}, {"x": 290.0, "y": 286.0}, {"x": 252.0, "y": 286.0}]}, "inferText": "35,400", "inferConfidence": 0.9963, "type": "NORMAL", "lineBreak": true}, {"valueType": "ALL", "boundingPoly": {"vertices": [{"x": 68.0, "y": 285.0}, {"x": 105.0, "y": 285.0}, {"x": 105.0, "y": 300.0}, {"x": 68.0, "y": 300.0}]}, "inferText": "\ubc29\uc0ac\uc120", "inferConfidence": 0.9986, "type": "NORMAL", "lineBreak": false}, {"valueType": "ALL", "boundingPoly": {"vertices": [{"x": 109.0, "y": 286.0}, {"x": 174.0, "y": 286.0}, {"x": 174.0, "y": 299.0}, {"x": 109.0, "y": 299.0}]}, "inferText": "\ud310\ub3c5\ube44(case", "inferConfidence": 0.9995, "type": "NORMAL", "lineBreak": false}, {"valueType": "ALL", "boundingPoly": {"vertices": [{"x": 224.0, "y": 288.0}, {"x": 231.0, "y": 288.0}, {"x": 231.0, "y": 301.0}, {"x": 224.0, "y": 301.0}]}, "inferText": "1", "inferConfidence": 1.0, "type": "NORMAL", "lineBreak": false}, {"valueType": "ALL", "boundingPoly": {"vertices": [{"x": 252.0, "y": 289.0}, {"x": 290.0, "y": 289.0}, {"x": 290.0, "y": 302.0}, {"x": 252.0, "y": 302.0}]}, "inferText": "17,700", "inferConfidence": 0.9981, "type": "NORMAL", "lineBreak": true}, {"valueType": "ALL", "boundingPoly": {"vertices": [{"x": 67.0, "y": 299.0}, {"x": 166.0, "y": 301.0}, {"x": 165.0, "y": 315.0}, {"x": 67.0, "y": 314.0}]}, "inferText": "*\ud0a4\ud2b8)\uc2ec\uc7a5\uc0ac\uc0c1\ucda9,", "inferConfidence": 0.9872, "type": "NORMAL", "lineBreak": false}, {"valueType": "ALL", "boundingPoly": {"vertices": [{"x": 218.0, "y": 303.0}, {"x": 225.0, "y": 303.0}, {"x": 225.0, "y": 315.0}, {"x": 218.0, "y": 315.0}]}, "inferText": "1", "inferConfidence": 0.9998, "type": "NORMAL", "lineBreak": false}, {"valueType": "ALL", "boundingPoly": {"vertices": [{"x": 244.0, "y": 303.0}, {"x": 284.0, "y": 303.0}, {"x": 284.0, "y": 316.0}, {"x": 244.0, "y": 316.0}]}, "inferText": "37,500", "inferConfidence": 0.9975, "type": "NORMAL", "lineBreak": true}, {"valueType": "ALL", "boundingPoly": {"vertices": [{"x": 68.0, "y": 313.0}, {"x": 121.0, "y": 314.0}, {"x": 121.0, "y": 329.0}, {"x": 67.0, "y": 327.0}]}, "inferText": "\uc785\uc6d0\ube44-\uac1c", "inferConfidence": 0.9996, "type": "NORMAL", "lineBreak": false}, {"valueType": "ALL", "boundingPoly": {"vertices": [{"x": 124.0, "y": 314.0}, {"x": 174.0, "y": 316.0}, {"x": 174.0, "y": 330.0}, {"x": 124.0, "y": 328.0}]}, "inferText": "7kg\uae4c\uc9c0(", "inferConfidence": 0.9966, "type": "NORMAL", "lineBreak": false}, {"valueType": "ALL", "boundingPoly": {"vertices": [{"x": 223.0, "y": 318.0}, {"x": 231.0, "y": 318.0}, {"x": 231.0, "y": 329.0}, {"x": 223.0, "y": 329.0}]}, "inferText": "1", "inferConfidence": 0.9999, "type": "NORMAL", "lineBreak": false}, {"valueType": "ALL", "boundingPoly": {"vertices": [{"x": 250.0, "y": 318.0}, {"x": 289.0, "y": 318.0}, {"x": 289.0, "y": 331.0}, {"x": 250.0, "y": 331.0}]}, "inferText": "61,800", "inferConfidence": 0.9918, "type": "NORMAL", "lineBreak": true}, {"valueType": "ALL", "boundingPoly": {"vertices": [{"x": 68.0, "y": 327.0}, {"x": 174.0, "y": 330.0}, {"x": 174.0, "y": 344.0}, {"x": 67.0, "y": 342.0}]}, "inferText": "*\ud0a4\ud2b8)\ud30c\ubcf4,\ucf54\ub85c\ub098/", "inferConfidence": 0.9839, "type": "NORMAL", "lineBreak": false}, {"valueType": "ALL", "boundingPoly": {"vertices": [{"x": 223.0, "y": 332.0}, {"x": 231.0, "y": 332.0}, {"x": 231.0, "y": 344.0}, {"x": 223.0, "y": 344.0}]}, "inferText": "1", "inferConfidence": 0.9999, "type": "NORMAL", "lineBreak": false}, {"valueType": "ALL", "boundingPoly": {"vertices": [{"x": 249.0, "y": 332.0}, {"x": 289.0, "y": 332.0}, {"x": 289.0, "y": 345.0}, {"x": 249.0, "y": 345.0}]}, "inferText": "63,200", "inferConfidence": 0.9962, "type": "NORMAL", "lineBreak": true}, {"valueType": "ALL", "boundingPoly": {"vertices": [{"x": 68.0, "y": 342.0}, {"x": 173.0, "y": 343.0}, {"x": 173.0, "y": 357.0}, {"x": 68.0, "y": 356.0}]}, "inferText": "*\ud0a4\ud2b8)\ub514\uc2a4\ud15c\ud37c/CDV", "inferConfidence": 0.9985, "type": "NORMAL", "lineBreak": false}, {"valueType": "ALL", "boundingPoly": {"vertices": [{"x": 223.0, "y": 346.0}, {"x": 230.0, "y": 346.0}, {"x": 230.0, "y": 358.0}, {"x": 223.0, "y": 358.0}]}, "inferText": "1", "inferConfidence": 1.0, "type": "NORMAL", "lineBreak": false}, {"valueType": "ALL", "boundingPoly": {"vertices": [{"x": 250.0, "y": 346.0}, {"x": 289.0, "y": 347.0}, {"x": 289.0, "y": 360.0}, {"x": 249.0, "y": 358.0}]}, "inferText": "52,200", "inferConfidence": 0.9989, "type": "NORMAL", "lineBreak": true}, {"valueType": "ALL", "boundingPoly": {"vertices": [{"x": 68.0, "y": 357.0}, {"x": 151.0, "y": 357.0}, {"x": 151.0, "y": 370.0}, {"x": 68.0, "y": 370.0}]}, "inferText": "\uc218\ub9e5\ucc98\uce58(Fluid", "inferConfidence": 0.9567, "type": "NORMAL", "lineBreak": false}, {"valueType": "ALL", "boundingPoly": {"vertices": [{"x": 153.0, "y": 360.0}, {"x": 171.0, "y": 360.0}, {"x": 171.0, "y": 370.0}, {"x": 153.0, "y": 370.0}]}, "inferText": "tx.", "inferConfidence": 0.926, "type": "NORMAL", "lineBreak": false}, {"valueType": "ALL", "boundingPoly": {"vertices": [{"x": 223.0, "y": 360.0}, {"x": 229.0, "y": 360.0}, {"x": 229.0, "y": 371.0}, {"x": 223.0, "y": 371.0}]}, "inferText": "1", "inferConfidence": 0.9999, "type": "NORMAL", "lineBreak": false}, {"valueType": "ALL", "boundingPoly": {"vertices": [{"x": 249.0, "y": 361.0}, {"x": 288.0, "y": 361.0}, {"x": 288.0, "y": 374.0}, {"x": 249.0, "y": 374.0}]}, "inferText": "40,700", "inferConfidence": 0.967, "type": "NORMAL", "lineBreak": true}, {"valueType": "ALL", "boundingPoly": {"vertices": [{"x": 68.0, "y": 371.0}, {"x": 145.0, "y": 371.0}, {"x": 145.0, "y": 384.0}, {"x": 68.0, "y": 384.0}]}, "inferText": "\uc218\uc561-infusion", "inferConfidence": 0.9973, "type": "NORMAL", "lineBreak": false}, {"valueType": "ALL", "boundingPoly": {"vertices": [{"x": 147.0, "y": 375.0}, {"x": 174.0, "y": 375.0}, {"x": 174.0, "y": 386.0}, {"x": 147.0, "y": 386.0}]}, "inferText": "pump", "inferConfidence": 0.9971, "type": "NORMAL", "lineBreak": false}, {"valueType": "ALL", "boundingPoly": {"vertices": [{"x": 222.0, "y": 375.0}, {"x": 230.0, "y": 375.0}, {"x": 230.0, "y": 386.0}, {"x": 222.0, "y": 386.0}]}, "inferText": "1", "inferConfidence": 0.9998, "type": "NORMAL", "lineBreak": false}, {"valueType": "ALL", "boundingPoly": {"vertices": [{"x": 254.0, "y": 375.0}, {"x": 288.0, "y": 375.0}, {"x": 288.0, "y": 388.0}, {"x": 254.0, "y": 388.0}]}, "inferText": "8,500", "inferConfidence": 0.9995, "type": "NORMAL", "lineBreak": true}, {"valueType": "ALL", "boundingPoly": {"vertices": [{"x": 67.0, "y": 384.0}, {"x": 166.0, "y": 387.0}, {"x": 165.0, "y": 401.0}, {"x": 67.0, "y": 398.0}]}, "inferText": "\uc8fc)\ud50c\ub77c\uc2a4\ub9c8\uc194\ub8e8\uc158", "inferConfidence": 0.9993, "type": "NORMAL", "lineBreak": false}, {"valueType": "ALL", "boundingPoly": {"vertices": [{"x": 216.0, "y": 388.0}, {"x": 224.0, "y": 388.0}, {"x": 224.0, "y": 400.0}, {"x": 216.0, "y": 400.0}]}, "inferText": "1", "inferConfidence": 0.9999, "type": "NORMAL", "lineBreak": false}, {"valueType": "ALL", "boundingPoly": {"vertices": [{"x": 243.0, "y": 389.0}, {"x": 282.0, "y": 389.0}, {"x": 282.0, "y": 402.0}, {"x": 243.0, "y": 402.0}]}, "inferText": "22,000", "inferConfidence": 0.9992, "type": "NORMAL", "lineBreak": true}, {"valueType": "ALL", "boundingPoly": {"vertices": [{"x": 68.0, "y": 400.0}, {"x": 111.0, "y": 400.0}, {"x": 111.0, "y": 412.0}, {"x": 68.0, "y": 412.0}]}, "inferText": "\uc218\uc561-IV", "inferConfidence": 0.9904, "type": "NORMAL", "lineBreak": false}, {"valueType": "ALL", "boundingPoly": {"vertices": [{"x": 112.0, "y": 400.0}, {"x": 161.0, "y": 402.0}, {"x": 160.0, "y": 413.0}, {"x": 112.0, "y": 411.0}]}, "inferText": "catheter", "inferConfidence": 0.9936, "type": "NORMAL", "lineBreak": false}, {"valueType": "ALL", "boundingPoly": {"vertices": [{"x": 216.0, "y": 403.0}, {"x": 224.0, "y": 403.0}, {"x": 224.0, "y": 414.0}, {"x": 216.0, "y": 414.0}]}, "inferText": "1", "inferConfidence": 0.9999, "type": "NORMAL", "lineBreak": false}, {"valueType": "ALL", "boundingPoly": {"vertices": [{"x": 244.0, "y": 403.0}, {"x": 282.0, "y": 404.0}, {"x": 282.0, "y": 417.0}, {"x": 244.0, "y": 416.0}]}, "inferText": "10,100", "inferConfidence": 0.9987, "type": "NORMAL", "lineBreak": true}, {"valueType": "ALL", "boundingPoly": {"vertices": [{"x": 66.0, "y": 413.0}, {"x": 121.0, "y": 413.0}, {"x": 121.0, "y": 427.0}, {"x": 66.0, "y": 427.0}]}, "inferText": "\uc218\uc561-IV\uc6a9", "inferConfidence": 0.9585, "type": "NORMAL", "lineBreak": false}, {"valueType": "ALL", "boundingPoly": {"vertices": [{"x": 123.0, "y": 414.0}, {"x": 172.0, "y": 415.0}, {"x": 171.0, "y": 431.0}, {"x": 123.0, "y": 429.0}]}, "inferText": "\ud5e4\ud30c\ub9b0\ucea1", "inferConfidence": 0.9988, "type": "NORMAL", "lineBreak": false}, {"valueType": "ALL", "boundingPoly": {"vertices": [{"x": 220.0, "y": 417.0}, {"x": 230.0, "y": 417.0}, {"x": 230.0, "y": 429.0}, {"x": 220.0, "y": 429.0}]}, "inferText": "1", "inferConfidence": 0.9999, "type": "NORMAL", "lineBreak": false}, {"valueType": "ALL", "boundingPoly": {"vertices": [{"x": 265.0, "y": 417.0}, {"x": 287.0, "y": 417.0}, {"x": 287.0, "y": 430.0}, {"x": 265.0, "y": 430.0}]}, "inferText": "800", "inferConfidence": 0.9996, "type": "NORMAL", "lineBreak": true}, {"valueType": "ALL", "boundingPoly": {"vertices": [{"x": 66.0, "y": 426.0}, {"x": 161.0, "y": 429.0}, {"x": 161.0, "y": 444.0}, {"x": 66.0, "y": 441.0}]}, "inferText": "\uc8fc\uc0ac\ube44-\uc785\uc6d0\ucc98\uce58A", "inferConfidence": 0.9938, "type": "NORMAL", "lineBreak": false}, {"valueType": "ALL", "boundingPoly": {"vertices": [{"x": 222.0, "y": 431.0}, {"x": 230.0, "y": 431.0}, {"x": 230.0, "y": 444.0}, {"x": 222.0, "y": 444.0}]}, "inferText": "1", "inferConfidence": 1.0, "type": "NORMAL", "lineBreak": false}, {"valueType": "ALL", "boundingPoly": {"vertices": [{"x": 248.0, "y": 431.0}, {"x": 287.0, "y": 431.0}, {"x": 287.0, "y": 445.0}, {"x": 248.0, "y": 445.0}]}, "inferText": "27,500", "inferConfidence": 0.9936, "type": "NORMAL", "lineBreak": true}, {"valueType": "ALL", "boundingPoly": {"vertices": [{"x": 140.0, "y": 457.0}, {"x": 177.0, "y": 457.0}, {"x": 177.0, "y": 473.0}, {"x": 140.0, "y": 473.0}]}, "inferText": "\ub79c\ub514\uc758", "inferConfidence": 0.9995, "type": "NORMAL", "lineBreak": false}, {"valueType": "ALL", "boundingPoly": {"vertices": [{"x": 179.0, "y": 458.0}, {"x": 206.0, "y": 458.0}, {"x": 206.0, "y": 473.0}, {"x": 179.0, "y": 473.0}]}, "inferText": "\ud569\uacc4", "inferConfidence": 1.0, "type": "NORMAL", "lineBreak": false}, {"valueType": "ALL", "boundingPoly": {"vertices": [{"x": 243.0, "y": 460.0}, {"x": 287.0, "y": 460.0}, {"x": 287.0, "y": 473.0}, {"x": 243.0, "y": 473.0}]}, "inferText": "487,300", "inferConfidence": 0.9952, "type": "NORMAL", "lineBreak": true}, {"valueType": "ALL", "boundingPoly": {"vertices": [{"x": 156.0, "y": 471.0}, {"x": 205.0, "y": 471.0}, {"x": 205.0, "y": 486.0}, {"x": 156.0, "y": 486.0}]}, "inferText": "\ud560\uc778\uae08\uc561", "inferConfidence": 1.0, "type": "NORMAL", "lineBreak": false}, {"valueType": "ALL", "boundingPoly": {"vertices": [{"x": 243.0, "y": 475.0}, {"x": 287.0, "y": 475.0}, {"x": 287.0, "y": 488.0}, {"x": 243.0, "y": 488.0}]}, "inferText": "146,190", "inferConfidence": 0.9898, "type": "NORMAL", "lineBreak": true}, {"valueType": "ALL", "boundingPoly": {"vertices": [{"x": 122.0, "y": 484.0}, {"x": 205.0, "y": 486.0}, {"x": 205.0, "y": 503.0}, {"x": 121.0, "y": 501.0}]}, "inferText": "\ubd80\uac00\uc138\ud3ec\ud568\ud569\uacc4", "inferConfidence": 0.9848, "type": "NORMAL", "lineBreak": false}, {"valueType": "ALL", "boundingPoly": {"vertices": [{"x": 243.0, "y": 489.0}, {"x": 287.0, "y": 489.0}, {"x": 287.0, "y": 502.0}, {"x": 243.0, "y": 502.0}]}, "inferText": "341,110", "inferConfidence": 0.9725, "type": "NORMAL", "lineBreak": true}, {"valueType": "ALL", "boundingPoly": {"vertices": [{"x": 66.0, "y": 500.0}, {"x": 159.0, "y": 500.0}, {"x": 159.0, "y": 513.0}, {"x": 66.0, "y": 513.0}]}, "inferText": "(\ub79c\ub514[202000541]", "inferConfidence": 0.9774, "type": "NORMAL", "lineBreak": false}, {"valueType": "ALL", "boundingPoly": {"vertices": [{"x": 162.0, "y": 503.0}, {"x": 170.0, "y": 503.0}, {"x": 170.0, "y": 509.0}, {"x": 162.0, "y": 509.0}]}, "inferText": "-", "inferConfidence": 0.7857, "type": "NORMAL", "lineBreak": false}, {"valueType": "ALL", "boundingPoly": {"vertices": [{"x": 173.0, "y": 501.0}, {"x": 239.0, "y": 503.0}, {"x": 238.0, "y": 515.0}, {"x": 173.0, "y": 513.0}]}, "inferText": "2020-05-07)", "inferConfidence": 0.9989, "type": "NORMAL", "lineBreak": true}, {"valueType": "ALL", "boundingPoly": {"vertices": [{"x": 63.0, "y": 513.0}, {"x": 171.0, "y": 513.0}, {"x": 171.0, "y": 527.0}, {"x": 63.0, "y": 527.0}]}, "inferText": "*\ud608\uc561\uac80\uc0ac-\ud608\uad6cCBC(", "inferConfidence": 0.9742, "type": "NORMAL", "lineBreak": false}, {"valueType": "ALL", "boundingPoly": {"vertices": [{"x": 219.0, "y": 516.0}, {"x": 229.0, "y": 516.0}, {"x": 229.0, "y": 529.0}, {"x": 219.0, "y": 529.0}]}, "inferText": "1", "inferConfidence": 0.9999, "type": "NORMAL", "lineBreak": false}, {"valueType": "ALL", "boundingPoly": {"vertices": [{"x": 248.0, "y": 518.0}, {"x": 287.0, "y": 518.0}, {"x": 287.0, "y": 531.0}, {"x": 248.0, "y": 531.0}]}, "inferText": "47,900", "inferConfidence": 0.9913, "type": "NORMAL", "lineBreak": true}, {"valueType": "ALL", "boundingPoly": {"vertices": [{"x": 63.0, "y": 527.0}, {"x": 164.0, "y": 528.0}, {"x": 164.0, "y": 543.0}, {"x": 63.0, "y": 541.0}]}, "inferText": "*\ud608\uc561\uac80\uc0ac-\uac1cDRP\uac80", "inferConfidence": 0.9831, "type": "NORMAL", "lineBreak": false}, {"valueType": "ALL", "boundingPoly": {"vertices": [{"x": 214.0, "y": 531.0}, {"x": 222.0, "y": 531.0}, {"x": 222.0, "y": 543.0}, {"x": 214.0, "y": 543.0}]}, "inferText": "1", "inferConfidence": 0.9999, "type": "NORMAL", "lineBreak": false}, {"valueType": "ALL", "boundingPoly": {"vertices": [{"x": 242.0, "y": 532.0}, {"x": 280.0, "y": 532.0}, {"x": 280.0, "y": 544.0}, {"x": 242.0, "y": 544.0}]}, "inferText": "40,400", "inferConfidence": 0.9821, "type": "NORMAL", "lineBreak": true}, {"valueType": "ALL", "boundingPoly": {"vertices": [{"x": 64.0, "y": 543.0}, {"x": 147.0, "y": 543.0}, {"x": 147.0, "y": 556.0}, {"x": 64.0, "y": 556.0}]}, "inferText": "\uc218\uc561\ucc98\uce58(Fluid", "inferConfidence": 0.9872, "type": "NORMAL", "lineBreak": false}, {"valueType": "ALL", "boundingPoly": {"vertices": [{"x": 148.0, "y": 543.0}, {"x": 168.0, "y": 543.0}, {"x": 168.0, "y": 556.0}, {"x": 148.0, "y": 556.0}]}, "inferText": "tx.", "inferConfidence": 0.9647, "type": "NORMAL", "lineBreak": false}, {"valueType": "ALL", "boundingPoly": {"vertices": [{"x": 220.0, "y": 546.0}, {"x": 228.0, "y": 546.0}, {"x": 228.0, "y": 557.0}, {"x": 220.0, "y": 557.0}]}, "inferText": "1", "inferConfidence": 0.9999, "type": "NORMAL", "lineBreak": false}, {"valueType": "ALL", "boundingPoly": {"vertices": [{"x": 247.0, "y": 546.0}, {"x": 286.0, "y": 546.0}, {"x": 286.0, "y": 560.0}, {"x": 247.0, "y": 560.0}]}, "inferText": "40,700", "inferConfidence": 0.9811, "type": "NORMAL", "lineBreak": true}, {"valueType": "ALL", "boundingPoly": {"vertices": [{"x": 63.0, "y": 557.0}, {"x": 141.0, "y": 557.0}, {"x": 141.0, "y": 570.0}, {"x": 63.0, "y": 570.0}]}, "inferText": "\uc218\uc561-infusion", "inferConfidence": 0.9933, "type": "NORMAL", "lineBreak": false}, {"valueType": "ALL", "boundingPoly": {"vertices": [{"x": 142.0, "y": 558.0}, {"x": 171.0, "y": 560.0}, {"x": 170.0, "y": 572.0}, {"x": 142.0, "y": 571.0}]}, "inferText": "pump", "inferConfidence": 0.9994, "type": "NORMAL", "lineBreak": false}, {"valueType": "ALL", "boundingPoly": {"vertices": [{"x": 219.0, "y": 560.0}, {"x": 227.0, "y": 560.0}, {"x": 227.0, "y": 573.0}, {"x": 219.0, "y": 573.0}]}, "inferText": "1", "inferConfidence": 0.9999, "type": "NORMAL", "lineBreak": false}, {"valueType": "ALL", "boundingPoly": {"vertices": [{"x": 253.0, "y": 561.0}, {"x": 286.0, "y": 561.0}, {"x": 286.0, "y": 574.0}, {"x": 253.0, "y": 574.0}]}, "inferText": "8,500", "inferConfidence": 0.9956, "type": "NORMAL", "lineBreak": true}, {"valueType": "ALL", "boundingPoly": {"vertices": [{"x": 62.0, "y": 570.0}, {"x": 158.0, "y": 572.0}, {"x": 158.0, "y": 587.0}, {"x": 61.0, "y": 584.0}]}, "inferText": "\uc8fc\uc0ac\ube44-\uc785\uc6d0\ucc98\uce58A", "inferConfidence": 0.998, "type": "NORMAL", "lineBreak": false}, {"valueType": "ALL", "boundingPoly": {"vertices": [{"x": 219.0, "y": 575.0}, {"x": 227.0, "y": 575.0}, {"x": 227.0, "y": 587.0}, {"x": 219.0, "y": 587.0}]}, "inferText": "1", "inferConfidence": 0.9999, "type": "NORMAL", "lineBreak": false}, {"valueType": "ALL", "boundingPoly": {"vertices": [{"x": 247.0, "y": 575.0}, {"x": 286.0, "y": 575.0}, {"x": 286.0, "y": 589.0}, {"x": 247.0, "y": 589.0}]}, "inferText": "27,500", "inferConfidence": 0.9987, "type": "NORMAL", "lineBreak": true}, {"valueType": "ALL", "boundingPoly": {"vertices": [{"x": 62.0, "y": 586.0}, {"x": 169.0, "y": 586.0}, {"x": 169.0, "y": 600.0}, {"x": 62.0, "y": 600.0}]}, "inferText": "\ubd84\ubb34\uce58\ub8cc(Nebulizat", "inferConfidence": 0.9997, "type": "NORMAL", "lineBreak": false}, {"valueType": "ALL", "boundingPoly": {"vertices": [{"x": 219.0, "y": 590.0}, {"x": 227.0, "y": 590.0}, {"x": 227.0, "y": 602.0}, {"x": 219.0, "y": 602.0}]}, "inferText": "1", "inferConfidence": 0.9999, "type": "NORMAL", "lineBreak": false}, {"valueType": "ALL", "boundingPoly": {"vertices": [{"x": 247.0, "y": 588.0}, {"x": 288.0, "y": 591.0}, {"x": 287.0, "y": 605.0}, {"x": 246.0, "y": 602.0}]}, "inferText": "12,700", "inferConfidence": 0.9964, "type": "NORMAL", "lineBreak": true}, {"valueType": "ALL", "boundingPoly": {"vertices": [{"x": 60.0, "y": 600.0}, {"x": 116.0, "y": 600.0}, {"x": 116.0, "y": 615.0}, {"x": 60.0, "y": 615.0}]}, "inferText": "\uc785\uc6d0\ube44-\uac1c", "inferConfidence": 0.9988, "type": "NORMAL", "lineBreak": false}, {"valueType": "ALL", "boundingPoly": {"vertices": [{"x": 119.0, "y": 601.0}, {"x": 170.0, "y": 603.0}, {"x": 170.0, "y": 615.0}, {"x": 119.0, "y": 613.0}]}, "inferText": "7-15kg(o", "inferConfidence": 0.9967, "type": "NORMAL", "lineBreak": false}, {"valueType": "ALL", "boundingPoly": {"vertices": [{"x": 219.0, "y": 604.0}, {"x": 227.0, "y": 604.0}, {"x": 227.0, "y": 617.0}, {"x": 219.0, "y": 617.0}]}, "inferText": "1", "inferConfidence": 1.0, "type": "NORMAL", "lineBreak": false}, {"valueType": "ALL", "boundingPoly": {"vertices": [{"x": 247.0, "y": 604.0}, {"x": 286.0, "y": 604.0}, {"x": 286.0, "y": 619.0}, {"x": 247.0, "y": 619.0}]}, "inferText": "86,500", "inferConfidence": 0.9991, "type": "NORMAL", "lineBreak": true}, {"valueType": "ALL", "boundingPoly": {"vertices": [{"x": 135.0, "y": 630.0}, {"x": 174.0, "y": 630.0}, {"x": 174.0, "y": 648.0}, {"x": 135.0, "y": 648.0}]}, "inferText": "\ub79c\ub514\uc758", "inferConfidence": 0.9996, "type": "NORMAL", "lineBreak": false}, {"valueType": "ALL", "boundingPoly": {"vertices": [{"x": 177.0, "y": 632.0}, {"x": 204.0, "y": 632.0}, {"x": 204.0, "y": 648.0}, {"x": 177.0, "y": 648.0}]}, "inferText": "\ud569\uacc4", "inferConfidence": 0.9999, "type": "NORMAL", "lineBreak": false}, {"valueType": "ALL", "boundingPoly": {"vertices": [{"x": 241.0, "y": 634.0}, {"x": 287.0, "y": 634.0}, {"x": 287.0, "y": 649.0}, {"x": 241.0, "y": 649.0}]}, "inferText": "264,200", "inferConfidence": 0.9744, "type": "NORMAL", "lineBreak": true}, {"valueType": "ALL", "boundingPoly": {"vertices": [{"x": 153.0, "y": 646.0}, {"x": 203.0, "y": 647.0}, {"x": 202.0, "y": 664.0}, {"x": 152.0, "y": 663.0}]}, "inferText": "\ud560\uc778\uae08\uc561", "inferConfidence": 0.9999, "type": "NORMAL", "lineBreak": false}, {"valueType": "ALL", "boundingPoly": {"vertices": [{"x": 247.0, "y": 650.0}, {"x": 287.0, "y": 650.0}, {"x": 287.0, "y": 664.0}, {"x": 247.0, "y": 664.0}]}, "inferText": "79,260", "inferConfidence": 0.9998, "type": "NORMAL", "lineBreak": true}, {"valueType": "ALL", "boundingPoly": {"vertices": [{"x": 117.0, "y": 660.0}, {"x": 203.0, "y": 663.0}, {"x": 202.0, "y": 680.0}, {"x": 116.0, "y": 677.0}]}, "inferText": "\ubd80\uac00\uc138\ud3ec\ud568\ud569\uacc4", "inferConfidence": 0.9931, "type": "NORMAL", "lineBreak": false}, {"valueType": "ALL", "boundingPoly": {"vertices": [{"x": 242.0, "y": 664.0}, {"x": 287.0, "y": 665.0}, {"x": 287.0, "y": 680.0}, {"x": 241.0, "y": 679.0}]}, "inferText": "184,940", "inferConfidence": 0.9817, "type": "NORMAL", "lineBreak": true}, {"valueType": "ALL", "boundingPoly": {"vertices": [{"x": 55.0, "y": 707.0}, {"x": 99.0, "y": 707.0}, {"x": 99.0, "y": 723.0}, {"x": 55.0, "y": 723.0}]}, "inferText": "\uccad\uad6c\uc77c:", "inferConfidence": 0.9947, "type": "NORMAL", "lineBreak": false}, {"valueType": "ALL", "boundingPoly": {"vertices": [{"x": 96.0, "y": 707.0}, {"x": 161.0, "y": 708.0}, {"x": 161.0, "y": 722.0}, {"x": 96.0, "y": 721.0}]}, "inferText": "2020-05-07", "inferConfidence": 0.9993, "type": "NORMAL", "lineBreak": false}, {"valueType": "ALL", "boundingPoly": {"vertices": [{"x": 164.0, "y": 710.0}, {"x": 183.0, "y": 710.0}, {"x": 183.0, "y": 722.0}, {"x": 164.0, "y": 722.0}]}, "inferText": "18:", "inferConfidence": 0.9997, "type": "NORMAL", "lineBreak": false}, {"valueType": "ALL", "boundingPoly": {"vertices": [{"x": 182.0, "y": 711.0}, {"x": 215.0, "y": 711.0}, {"x": 215.0, "y": 723.0}, {"x": 182.0, "y": 723.0}]}, "inferText": "12:52", "inferConfidence": 0.9993, "type": "NORMAL", "lineBreak": true}, {"valueType": "ALL", "boundingPoly": {"vertices": [{"x": 60.0, "y": 739.0}, {"x": 111.0, "y": 739.0}, {"x": 111.0, "y": 755.0}, {"x": 60.0, "y": 755.0}]}, "inferText": "\uba74\uc138\uae08\uc561", "inferConfidence": 0.9999, "type": "NORMAL", "lineBreak": false}, {"valueType": "ALL", "boundingPoly": {"vertices": [{"x": 241.0, "y": 743.0}, {"x": 288.0, "y": 744.0}, {"x": 288.0, "y": 759.0}, {"x": 241.0, "y": 758.0}]}, "inferText": "238,070", "inferConfidence": 0.9971, "type": "NORMAL", "lineBreak": true}, {"valueType": "ALL", "boundingPoly": {"vertices": [{"x": 58.0, "y": 754.0}, {"x": 110.0, "y": 754.0}, {"x": 110.0, "y": 771.0}, {"x": 58.0, "y": 771.0}]}, "inferText": "\uacfc\uc138\uae08\uc561", "inferConfidence": 1.0, "type": "NORMAL", "lineBreak": false}, {"valueType": "ALL", "boundingPoly": {"vertices": [{"x": 241.0, "y": 759.0}, {"x": 288.0, "y": 760.0}, {"x": 288.0, "y": 775.0}, {"x": 241.0, "y": 774.0}]}, "inferText": "261,806", "inferConfidence": 0.9955, "type": "NORMAL", "lineBreak": true}, {"valueType": "ALL", "boundingPoly": {"vertices": [{"x": 58.0, "y": 771.0}, {"x": 98.0, "y": 771.0}, {"x": 98.0, "y": 787.0}, {"x": 58.0, "y": 787.0}]}, "inferText": "\ubd80\uac00\uc138", "inferConfidence": 0.9985, "type": "NORMAL", "lineBreak": false}, {"valueType": "ALL", "boundingPoly": {"vertices": [{"x": 247.0, "y": 777.0}, {"x": 288.0, "y": 777.0}, {"x": 288.0, "y": 791.0}, {"x": 247.0, "y": 791.0}]}, "inferText": "26,174", "inferConfidence": 0.9878, "type": "NORMAL", "lineBreak": true}, {"valueType": "ALL", "boundingPoly": {"vertices": [{"x": 58.0, "y": 788.0}, {"x": 120.0, "y": 788.0}, {"x": 120.0, "y": 804.0}, {"x": 58.0, "y": 804.0}]}, "inferText": "(\uc138\uae08\ud569\uacc4)", "inferConfidence": 0.9998, "type": "NORMAL", "lineBreak": false}, {"valueType": "ALL", "boundingPoly": {"vertices": [{"x": 241.0, "y": 791.0}, {"x": 289.0, "y": 793.0}, {"x": 289.0, "y": 809.0}, {"x": 240.0, "y": 807.0}]}, "inferText": "287,980", "inferConfidence": 0.9828, "type": "NORMAL", "lineBreak": true}, {"valueType": "ALL", "boundingPoly": {"vertices": [{"x": 50.0, "y": 804.0}, {"x": 116.0, "y": 804.0}, {"x": 116.0, "y": 820.0}, {"x": 50.0, "y": 820.0}]}, "inferText": "1.\uc624\ub298\uccad\uad6c", "inferConfidence": 0.9393, "type": "NORMAL", "lineBreak": false}, {"valueType": "ALL", "boundingPoly": {"vertices": [{"x": 241.0, "y": 808.0}, {"x": 289.0, "y": 810.0}, {"x": 289.0, "y": 825.0}, {"x": 240.0, "y": 823.0}]}, "inferText": "526,050", "inferConfidence": 0.9949, "type": "NORMAL", "lineBreak": true}, {"valueType": "ALL", "boundingPoly": {"vertices": [{"x": 55.0, "y": 819.0}, {"x": 121.0, "y": 820.0}, {"x": 121.0, "y": 837.0}, {"x": 55.0, "y": 836.0}]}, "inferText": "2.\uc774\uc804\ubbf8\uc218", "inferConfidence": 0.9877, "type": "NORMAL", "lineBreak": false}, {"valueType": "ALL", "boundingPoly": {"vertices": [{"x": 277.0, "y": 825.0}, {"x": 291.0, "y": 825.0}, {"x": 291.0, "y": 842.0}, {"x": 277.0, "y": 842.0}]}, "inferText": "0", "inferConfidence": 0.9997, "type": "NORMAL", "lineBreak": true}, {"valueType": "ALL", "boundingPoly": {"vertices": [{"x": 46.0, "y": 851.0}, {"x": 73.0, "y": 851.0}, {"x": 73.0, "y": 866.0}, {"x": 46.0, "y": 866.0}]}, "inferText": "1+2", "inferConfidence": 0.9991, "type": "NORMAL", "lineBreak": false}, {"valueType": "ALL", "boundingPoly": {"vertices": [{"x": 74.0, "y": 851.0}, {"x": 114.0, "y": 853.0}, {"x": 114.0, "y": 869.0}, {"x": 73.0, "y": 867.0}]}, "inferText": "\ucd1d\ud569\uacc4", "inferConfidence": 0.9994, "type": "NORMAL", "lineBreak": false}, {"valueType": "ALL", "boundingPoly": {"vertices": [{"x": 128.0, "y": 854.0}, {"x": 182.0, "y": 854.0}, {"x": 182.0, "y": 867.0}, {"x": 128.0, "y": 867.0}]}, "inferText": "526,050", "inferConfidence": 0.9881, "type": "NORMAL", "lineBreak": true}, {"valueType": "ALL", "boundingPoly": {"vertices": [{"x": 48.0, "y": 882.0}, {"x": 113.0, "y": 883.0}, {"x": 112.0, "y": 899.0}, {"x": 48.0, "y": 898.0}]}, "inferText": "\uc0c1\ud488\uba85\uc55e\uc5d0", "inferConfidence": 0.9996, "type": "NORMAL", "lineBreak": false}, {"valueType": "ALL", "boundingPoly": {"vertices": [{"x": 116.0, "y": 885.0}, {"x": 138.0, "y": 885.0}, {"x": 138.0, "y": 899.0}, {"x": 116.0, "y": 899.0}]}, "inferText": "*\uc740", "inferConfidence": 0.9999, "type": "NORMAL", "lineBreak": false}, {"valueType": "ALL", "boundingPoly": {"vertices": [{"x": 142.0, "y": 885.0}, {"x": 233.0, "y": 887.0}, {"x": 233.0, "y": 903.0}, {"x": 141.0, "y": 901.0}]}, "inferText": "\uba74\uc138\ubb3c\ud488\uc785\ub2c8\ub2e4.", "inferConfidence": 0.9746, "type": "NORMAL", "lineBreak": true}]}]}